Idpig,ear,dam,sex,line,gen,bwt,fost_dam,wwt,sire,f_date,w_date,DateBled,BleedAge,WBC,RBC,Hemoglobin,Hematocrit,MCV,MCH,MCHC,RDW,Platelet-Auto,MPV,Neutrophil,Lymphocyte,Monocyte,Eosinophil,Basophil,UnidentifiedCells,PlateletsClumped
208004602,4602,3710,3,1,8,2.5,205,11,17108,7/26/2011,8/18/2011,8/30/2011,35,18.11,6.11,10.1,34.6,56.6,16.5,29.1,25.4,1001,10.3,10.43,6.79,0.42,0.13,0.02,0.31,Yes
208000106,106,406,2,2,8,2.1,,11,13002,7/17/2011,8/11/2011,8/26/2011,40,15.4,6.17,10.2,33.6,54.3,16.5,30.4,20.1,576,9.8,8.72,5.62,0.63,0.12,0.02,0.29,No
208000107,107,406,2,2,8,2.9,,12.5,13002,7/17/2011,8/11/2011,8/26/2011,40,14.32,6.26,10.6,35.5,56.6,16.9,29.8,20.1,499,10.1,4.25,8.75,0.73,0.44,0.04,0.1,Yes
208000110,110,406,2,2,8,3.1,,13,13002,7/17/2011,8/11/2011,8/26/2011,40,15,6.3,10.1,34.1,54.1,16.1,29.7,18.3,617,9.9,3.77,10.26,0.59,0.12,0.06,0.21,Yes
208000207,207,9711,2,2,8,3.1,,15,9502,7/17/2011,8/11/2011,8/26/2011,40,16.54,6.34,10.4,35.1,55.4,16.4,29.5,19.1,450,11.5,9.71,5.97,0.56,0.22,0.02,0.05,Yes
208000209,209,9711,2,2,8,3,,13,9502,7/17/2011,8/11/2011,8/26/2011,40,17.69,5.72,9.6,32.9,57.6,16.7,29,19.3,579,10.6,7.02,8.67,1.61,0.23,0.07,0.09,Yes
208000210,210,9711,2,2,8,2.8,,14.5,9502,7/17/2011,8/11/2011,8/26/2011,40,17.53,6.18,10.3,35,56.7,16.6,29.3,18.9,633,10.1,8.85,7.91,0.35,0.09,0.04,0.32,Yes
208000310,310,17008,2,1,8,2.7,,13,15901,7/18/2011,8/11/2011,8/26/2011,39,13.72,7.08,11.6,38.2,53.9,16.3,30.3,20.2,699,9.7,4.65,8.16,0.58,0.26,0.03,0.04,Yes
208000311,311,17008,2,1,8,2.6,,13,15901,7/18/2011,8/11/2011,8/26/2011,39,16.68,7.32,11.9,39.7,54.2,16.3,30,21.9,786,8.8,6.96,8.57,0.67,0.35,0.05,0.07,Yes
208000312,312,17008,2,1,8,2.2,,12,15901,7/18/2011,8/11/2011,8/26/2011,39,37.75,6.62,10.1,33.4,50.4,15.2,30.2,23.4,925,9.3,26.99,8.72,1.17,0.64,0.04,0.15,Yes
208000406,406,13003,2,2,8,3.4,,15.5,504,7/18/2011,8/11/2011,8/26/2011,39,17.01,6.62,11.3,37.7,56.8,17.1,30.1,18.2,720,9.5,7.79,8.45,0.49,0.17,0.05,0.07,Yes
208000407,407,13003,2,2,8,2.8,,13,504,7/18/2011,8/11/2011,8/26/2011,39,12.91,5.77,10,33.4,57.9,17.3,29.9,17.4,551,9.4,7.4,4.82,0.25,0.17,0.01,0.27,Yes
208000508,508,11804,2,1,8,3.7,,14.5,10905,7/19/2011,8/11/2011,8/26/2011,38,13.1,6.6,10.4,34.5,52.2,15.7,30.2,18.4,861,9.3,5.52,6.79,0.38,0.17,0.03,0.21,Yes
208000510,510,11804,2,1,8,3.2,,10,10905,7/19/2011,8/11/2011,8/26/2011,38,14.14,5.63,10.2,33.3,59.2,18.1,30.6,17.1,459,10.4,8.65,4.77,0.58,0.07,0.01,0.07,Yes
208000512,512,11804,2,1,8,2.7,,10.5,10905,7/19/2011,8/11/2011,8/26/2011,38,26.78,6.18,10.4,34.2,55.3,16.8,30.5,18.1,716,10.1,15.05,10.52,0.56,0.13,0.05,0.46,No
208000611,611,3408,2,1,8,2.8,,12,11403,7/20/2011,8/11/2011,8/26/2011,37,9.78,5.8,9.2,30.9,53.3,15.9,29.8,23.8,320,13.2,5.77,3.06,0.79,0.13,0.01,0.03,Yes
208000612,612,3408,2,1,8,2.7,,11,11403,7/20/2011,8/11/2011,8/26/2011,37,20.76,6.05,11.2,37.2,61.6,18.6,30.2,16.9,262,12.5,11.85,7.6,0.73,0.12,0.06,0.39,Yes
208000709,709,15210,2,2,8,4,,14.5,13002,7/20/2011,8/11/2011,8/26/2011,37,17.41,6.68,10.9,37.3,55.7,16.3,29.3,19.8,546,9.2,4.47,11.77,0.57,0.1,0.05,0.42,Yes
208000710,710,15210,2,2,8,4,,14,13002,7/20/2011,8/11/2011,8/26/2011,37,12.39,5.64,9.3,31.1,55,16.5,29.9,18.7,598,10,5.45,6.26,0.2,0.2,0.02,0.26,Yes
208000807,807,506,2,2,8,3.6,,14,9502,7/20/2011,8/11/2011,8/26/2011,37,13.46,5.17,9,30,58.1,17.3,29.9,23.4,681,9.6,7.5,4.28,0.5,0.9,0.01,0.27,Yes
208000809,809,506,2,2,8,3.2,,16,9502,7/20/2011,8/11/2011,8/26/2011,37,25.3,6.3,9.6,33.9,53.8,15.2,28.2,21.4,595,9.3,14.14,9.06,1.14,0.76,0.05,0.15,Yes
208000811,811,506,2,2,8,2.6,,12.5,9502,7/20/2011,8/11/2011,8/26/2011,37,15.16,5.21,9.5,32.3,62,18.3,29.5,24.4,611,9.1,7.14,7.03,0.42,0.29,0.03,0.24,Yes
208000909,909,4304,2,1,8,3,,10,15901,7/20/2011,8/11/2011,8/26/2011,37,17.14,6.99,11.9,39,55.8,17,30.5,20.1,434,11,7.88,7.52,0.62,0.82,0.03,0.24,Yes
208001005,1005,13504,2,2,8,3.1,,14,1802,7/20/2011,8/11/2011,8/26/2011,37,16.44,6.61,11,36.3,55,16.6,30.2,20.6,586,11.1,4.44,11.38,0.46,0.08,0.03,0.05,Yes
208001006,1006,13504,2,2,8,3,,14,1802,7/20/2011,8/11/2011,8/26/2011,37,24.33,6.08,10.6,36.6,60.2,17.4,28.9,18.5,531,11.9,12.07,11.07,0.71,0.15,0.07,0.29,Yes
208001107,1107,2509,2,2,8,3.3,,9,13502,7/20/2011,8/11/2011,8/26/2011,37,15.71,6.03,9.8,32.3,53.6,16.2,30.3,15.7,531,10.5,7.24,7.37,0.61,0.25,0.03,0.2,Yes
208001110,1110,2509,2,2,8,2.9,,10,13502,7/20/2011,8/11/2011,8/26/2011,37,17.88,6.47,10.9,34.4,53.2,16.9,31.8,14.9,470,11.2,6.2,10.57,0.75,0.25,0.05,0.07,Yes
208001111,1111,2509,2,2,8,2.7,,10,13502,7/20/2011,8/11/2011,8/26/2011,37,21.59,5.84,9.4,30,51.4,16.1,31.4,18,701,11.2,7.1,12.98,1.06,0.3,0.04,0.09,Yes
208001209,1209,16907,2,1,8,2.8,,9,3401,7/20/2011,8/11/2011,8/26/2011,37,10.65,5.81,10.6,34.9,60,18.2,30.3,16.2,388,10.8,5.25,4.91,0.27,0.09,0.02,0.12,Yes
208001212,1212,16907,2,1,8,2.3,,11,3401,7/20/2011,8/11/2011,8/26/2011,37,13.43,5.83,10.5,35.4,60.6,17.9,29.5,17.5,582,11,5.21,7.39,0.54,0.13,0.03,0.13,Yes
208001410,1410,10913,2,1,8,2.8,,13,17001,7/21/2011,8/11/2011,8/26/2011,36,13.34,6.84,10.9,36.5,53.4,16,30,22.8,496,10.1,5.52,7.11,0.43,0.23,0.03,0.04,Yes
208001411,1411,10913,2,1,8,3.1,,13,17001,7/21/2011,8/11/2011,8/26/2011,36,8.9,6.79,12,38.5,56.6,17.6,31.1,18,549,9.5,2.57,5.89,0.24,0.05,0.02,0.12,Yes
208001414,1414,10913,2,1,8,3,,13,17001,7/21/2011,8/11/2011,8/26/2011,36,13.49,6.23,10.1,33.2,53.3,16.2,30.5,22.9,585,10.8,7.68,5.15,0.45,0.12,0.03,0.07,Yes
208001505,1505,9713,2,2,8,2.8,,13,1802,7/21/2011,8/11/2011,8/26/2011,36,19.97,6.04,8.5,31,51.4,14.1,27.5,19.9,272,11,11.24,7.67,0.72,0.24,0.02,0.06,Yes
208001507,1507,9713,2,2,8,3.3,,12,1802,7/21/2011,8/11/2011,8/26/2011,36,11.57,5.37,10.5,30,55.8,19.6,35,17.2,729,11.8,5.02,5.81,0.34,0.31,0.01,0.07,Yes
208001508,1508,9713,2,2,8,3.1,,11,1802,7/21/2011,8/11/2011,8/26/2011,36,23.25,6.6,11.7,36.9,55.9,17.7,31.6,17.5,794,12.7,12.83,9.42,0.72,0.16,0.05,0.09,Yes
208001611,1611,108,2,2,8,2,,12,13002,7/21/2011,8/15/2011,8/26/2011,36,11.82,6.73,10.7,35.3,52.4,15.9,30.3,19.3,323,10.3,4.81,6.49,0.25,0.17,0.02,0.08,Yes
208001612,1612,108,2,2,8,1.6,,6,13002,7/21/2011,8/15/2011,8/26/2011,36,18.13,5.88,10.6,34.5,58.6,18.1,30.8,14.7,254,12.6,12.8,4.57,0.16,0.16,0.02,0.4,Yes
208001709,1709,11907,2,2,8,2.9,,16,13502,7/21/2011,8/15/2011,8/26/2011,36,8.91,6.9,9.9,35.7,51.8,14.4,27.8,27.2,290,8.1,3.31,4.61,0.34,0.52,0.02,0.11,Yes
208001807,1807,15705,2,1,8,2.6,,17,10905,7/22/2011,8/15/2011,8/30/2011,39,12.05,7.58,9.9,34.7,45.8,13.1,28.7,27.9,594,7.4,5.98,5.36,0.34,0.13,0.04,0.2,Yes
208001808,1808,15705,2,1,8,1.9,,12,10905,7/22/2011,8/15/2011,8/30/2011,39,9.86,6.42,9.1,30.7,47.8,14.2,29.7,27.3,861,9.6,5.93,3.44,0.24,0.15,0.01,0.09,Yes
208001809,1809,15705,2,1,8,2.1,,14,10905,7/22/2011,8/15/2011,8/30/2011,39,11.5,6.92,10.4,35.8,51.8,15,28.9,23.9,949,9.3,5.64,5.31,0.21,0.09,0.02,0.22,Yes
208001903,1903,16410,2,1,8,2.9,,14,303,7/22/2011,8/15/2011,8/30/2011,39,18.29,5.8,10,33.7,58,17.2,29.6,20,857,8.2,8.08,9.27,0.48,0.24,0.02,0.18,Yes
208001906,1906,16410,2,1,8,2.4,,16,303,7/22/2011,8/15/2011,8/30/2011,39,11.06,6.76,10.5,36.1,53.4,15.6,29.2,27.5,928,9.8,3.92,6.4,0.35,0.15,0.01,0.22,Yes
208002104,2104,14907,2,2,8,3.4,,15,1601,7/22/2011,8/15/2011,8/30/2011,39,15.25,5.7,9.2,31.2,54.7,16.1,29.5,14.6,507,9.1,3.93,9.29,1.46,0.38,0.05,0.11,No
208002105,2105,14907,2,2,8,3.4,,15,1601,7/22/2011,8/15/2011,8/30/2011,39,11.43,5.67,9.8,33.3,58.7,17.3,29.5,14.7,829,8.7,4.26,6.24,0.53,0.1,0.03,0.26,Yes
208002107,2107,14907,2,2,8,3,,15,1601,7/22/2011,8/15/2011,8/30/2011,39,15.95,6.23,10.6,35,56.1,17,30.2,14.7,665,9.4,6.78,7.83,0.8,0.4,0.06,0.08,Yes
208002211,2211,16906,2,1,8,2.5,16410,10,3401,7/22/2011,8/15/2011,8/30/2011,39,12.66,4.9,9.9,33.4,68,20.1,29.5,19.5,622,9.4,5,6.67,0.78,0.09,0.03,0.08,Yes
208002212,2212,16906,2,1,8,2.6,16410,15,3401,7/22/2011,8/15/2011,8/30/2011,39,10,6.53,11,36.2,55.4,16.9,30.4,22.5,452,9.3,3.51,5.66,0.57,0.17,0.03,0.07,No
208002308,2308,809,2,2,8,2.7,,15,13002,7/22/2011,8/15/2011,8/30/2011,39,14.32,6.82,10.5,35.8,52.4,15.4,29.4,21.6,534,9.6,7.45,6.36,0.37,0.07,0.03,0.04,Yes
208002310,2310,809,2,2,8,1.7,,11,13002,7/22/2011,8/15/2011,8/30/2011,39,12.82,6.27,10.4,35.1,56,16.5,29.5,19.3,711,8.9,5.63,6.5,0.41,0.06,0.03,0.21,Yes
208002407,2407,10911,2,1,8,4.5,,17,303,7/22/2011,8/15/2011,8/30/2011,39,13.77,6.82,10.5,35.2,51.6,15.5,30,22.6,600,9.7,5.32,7.39,0.59,0.4,0.03,0.04,Yes
208002408,2408,10911,2,1,8,3.9,,16,303,7/22/2011,8/15/2011,8/30/2011,39,12.95,6.2,9.1,31,50,14.7,29.5,26.1,718,9.2,6.88,5.44,0.32,0.14,0.01,0.14,Yes
208002507,2507,17110,2,1,8,3.5,,17,11403,7/22/2011,8/15/2011,8/30/2011,39,14.16,6.22,10.6,35.1,56.4,17.1,30.4,19.1,740,9,6,7.32,0.41,0.21,0.03,0.18,Yes
208002508,2508,17110,2,1,8,3.1,,16,11403,7/22/2011,8/15/2011,8/30/2011,39,27.68,6.4,10.8,35,54.7,16.9,30.8,21.4,531,9.3,17.8,8.22,0.69,0.5,0.06,0.42,Yes
208002509,2509,17110,2,1,8,2.4,,10,11403,7/22/2011,8/15/2011,8/30/2011,39,11.85,6.16,10.4,34.6,56.2,16.9,30.1,19.1,656,9.5,4.16,6.71,0.73,0.14,0.02,0.07,Yes
208002606,2606,15708,2,1,8,2.5,,12,10905,7/23/2011,8/15/2011,8/30/2011,38,6.86,6.29,10.5,35.3,56,16.7,29.9,24.1,569,8.9,2.09,4.29,0.36,0.07,0.01,0.04,Yes
208002608,2608,15708,2,1,8,2.2,,12,10905,7/23/2011,8/15/2011,8/30/2011,38,9.82,5.88,10.1,33.7,57.3,17.1,29.9,21.6,529,8.4,4.45,4.61,0.43,0.08,0.02,0.24,Yes
208002609,2609,15708,2,1,8,2.5,,12,10905,7/23/2011,8/15/2011,8/30/2011,38,14.15,6.2,10.1,34.1,55,16.3,29.7,22.2,707,8.9,8.53,4.8,0.52,0.04,0.03,0.23,Yes
208002710,2710,12903,2,2,8,3.2,,13,13502,7/23/2011,8/15/2011,8/30/2011,38,9.32,5.95,8.5,29.3,49.2,14.3,29,18.1,803,9.7,3.48,5.02,0.64,0.1,0.02,0.05,Yes
208002711,2711,12903,2,2,8,3.5,,15,13502,7/23/2011,8/15/2011,8/30/2011,38,14.49,5.69,8.2,28.9,50.7,14.4,28.3,22.6,975,9.3,6.03,7.39,0.71,0.28,0.01,0.06,Yes
208002712,2712,12903,2,2,8,2.7,,13,13502,7/23/2011,8/15/2011,8/30/2011,38,9.43,5.88,7.9,27.7,47.1,13.4,28.4,21.1,1102,10,4.5,4.28,0.36,0.14,0.01,0.14,Yes
208002807,2807,11007,2,1,8,2.9,,14,10905,7/23/2011,8/15/2011,8/30/2011,38,14.4,5.67,9.9,32.9,58,17.4,30,18.7,1016,8.2,8.35,5.3,0.56,0.14,0.03,0.03,Yes
208002808,2808,11007,2,1,8,2.6,,15,10905,7/23/2011,8/15/2011,8/30/2011,38,11.11,6.19,11.7,37.5,60.7,18.9,31.2,17.9,557,9.7,5.27,5.12,0.4,0.14,0.03,0.14,Yes
208002809,2809,11007,2,1,8,2.7,,16,10905,7/23/2011,8/15/2011,8/30/2011,38,8.86,6.42,11.4,37.7,58.7,17.8,30.3,18.4,619,9.6,3.71,4.67,0.19,0.14,0.03,0.12,No
208002906,2906,309,2,1,8,3.2,,14,15901,7/23/2011,8/15/2011,8/30/2011,38,11.27,6.54,10.1,33.9,51.8,15.4,29.7,21.4,830,9.9,4.86,5.87,0.32,0.03,0.02,0.17,Yes
208002909,2909,309,2,1,8,2.4,,12,15901,7/23/2011,8/15/2011,8/30/2011,38,10.37,6.01,10.1,33.9,56.3,16.8,29.8,24.6,849,9.2,3.9,5.8,0.34,0.06,0.03,0.23,Yes
208003005,3005,14508,2,1,8,2,15708,8,3401,7/23/2011,8/15/2011,8/30/2011,38,15.28,5.98,10.4,33,55.2,17.3,31.4,20,402,8.9,5.65,8.1,1.18,0.11,0.06,0.18,Yes
208003006,3006,14508,2,1,8,2,16008,8,3401,7/23/2011,8/18/2011,8/30/2011,38,18.57,6.21,11.5,35.6,57.3,18.4,32.2,15.2,585,10,8.13,8.86,1.24,0.15,0.04,0.13,Yes
208003007,3007,14508,2,1,8,2.3,10912,13,3401,7/23/2011,8/15/2011,8/30/2011,38,12.56,6.65,11,36.9,55.6,16.6,29.9,21.5,482,11.2,6.18,5.69,0.49,0.14,0.03,0.04,Yes
208003010,3010,14508,2,1,8,1.9,15708,12,3401,7/23/2011,8/15/2011,8/30/2011,38,12.01,6.13,10.3,34.4,56.1,16.7,29.9,22.9,438,9.4,4.9,6.31,0.53,0.19,0.02,0.06,Yes
208003106,3106,11505,2,2,8,3.5,,17,13501,7/23/2011,8/15/2011,8/30/2011,38,9.68,6.75,9.2,31.6,46.8,13.6,28.9,21.3,596,10.2,3.5,5.34,0.59,0.15,0.05,0.04,Yes
208003109,3109,11505,2,2,8,2.6,,13,13501,7/23/2011,8/15/2011,8/30/2011,38,9.65,6.69,10.8,36.9,55.1,16.1,29.3,21.9,409,10.3,3.08,5.86,0.39,0.17,0.03,0.13,Yes
208003205,3205,11507,2,2,8,3.6,,16,504,7/24/2011,8/15/2011,8/30/2011,37,18.42,7.88,11.3,37.2,47.3,14.3,30.4,20.6,412,10.4,7.31,9.67,0.44,0.83,0.04,0.13,Yes
208003208,3208,11507,2,2,8,3.3,,15,504,7/24/2011,8/15/2011,8/30/2011,37,13.78,7.37,9.8,34.1,46.3,13.3,28.8,21.6,426,11.3,3.57,9.11,0.37,0.52,0.04,0.17,Yes
208003209,3209,11507,2,2,8,3,,14,504,7/24/2011,8/15/2011,8/30/2011,37,11.54,6.57,11.4,36.6,55.7,17.3,31.1,15.2,596,9,3.68,6.98,0.65,0.14,0.03,0.05,Yes
208003306,3306,10912,2,1,8,3.1,,14,303,7/24/2011,8/15/2011,8/30/2011,37,9.01,6.83,10.4,35.2,51.5,15.3,29.7,22.6,756,8.7,3.87,4.74,0.21,0.1,0.02,0.07,Yes
208003307,3307,10912,2,1,8,3.6,,15,303,7/24/2011,8/15/2011,8/30/2011,37,12.61,6.91,10.9,36.1,52.3,15.8,30.3,22.8,574,10.3,3.56,8.46,0.37,0.18,0.01,0.04,Yes
208003308,3308,10912,2,1,8,3,,13,303,7/24/2011,8/15/2011,8/30/2011,37,12.59,7.29,11.1,37.4,51.2,15.3,29.8,21.8,573,9.5,5.16,6.66,0.38,0.19,0.05,0.15,Yes
208003404,3404,16008,2,1,8,3.5,,15,17108,7/24/2011,8/18/2011,8/30/2011,37,9.41,6.12,10.8,35,57.1,17.6,30.8,18.1,471,10.3,4.04,4.68,0.18,0.09,0.02,0.41,Yes
208003406,3406,16008,2,1,8,3.7,,19,17108,7/24/2011,8/18/2011,8/30/2011,37,16.63,6.67,10.2,35.3,52.9,15.3,28.8,25.5,784,9.2,5.8,9.45,0.5,0.48,0.05,0.35,Yes
208003407,3407,16008,2,1,8,3.1,,12,17108,7/24/2011,8/18/2011,8/30/2011,37,11.8,6.3,11.3,35.7,56.7,18,31.7,15,548,10.2,6.08,5.06,0.31,0.13,0.04,0.2,Yes
208003507,3507,15207,2,2,8,4,11507,16,1802,7/24/2011,8/18/2011,8/30/2011,37,14.77,5.99,8.4,29.9,50,14.1,28.2,21.9,1091,8.3,6.16,7.89,0.49,0.15,0.03,0.06,Yes
208003606,3606,1806,2,2,8,3.1,,18,1601,7/24/2011,8/18/2011,8/30/2011,37,12.72,6.52,8.9,30.3,46.4,13.7,29.5,25,641,10.2,3.23,8.8,0.43,0.19,0.01,0.05,Yes
208003607,3607,1806,2,2,8,2.8,,12,1601,7/24/2011,8/18/2011,8/30/2011,37,13.23,6.04,10.8,35.8,59.2,17.8,30.1,15.7,449,9.7,6.1,6.13,0.61,0.15,0.04,0.2,Yes
208003608,3608,1806,2,2,8,2.7,,15,1601,7/24/2011,8/18/2011,8/30/2011,37,15.26,6.04,8.4,28.6,47.3,13.9,29.5,21.4,539,9.3,5.39,8.99,0.4,0.29,0.03,0.17,Yes
208003710,3710,9905,2,2,8,2.9,,13,13502,7/25/2011,8/18/2011,8/30/2011,36,14.6,6.7,10.3,33.2,49.6,15.3,30.9,17.5,611,9.8,5.05,8.64,0.48,0.06,0.03,0.34,Yes
208003712,3712,9905,2,2,8,2.9,,15,13502,7/25/2011,8/18/2011,8/30/2011,36,14.71,6.81,10.1,33,48.4,14.8,30.6,18.6,607,8.8,6.66,7.13,0.38,0.19,0.03,0.31,Yes
208003713,3713,9905,2,2,8,2.4,,13,13502,7/25/2011,8/18/2011,8/30/2011,36,13.29,7.47,10.9,35.9,48.1,14.5,30.2,20.8,607,10.9,7.93,4.23,0.56,0.36,0.03,0.19,Yes
208003805,3805,12608,2,1,8,3.3,,15,16901,7/26/2011,8/18/2011,8/30/2011,35,15.81,5.46,9.1,30.2,55.3,16.7,30.3,22.3,411,9.9,6.85,8.17,0.54,0.17,0.03,0.05,No
208003807,3807,12608,2,1,8,3.1,,17,16901,7/26/2011,8/18/2011,8/30/2011,35,12.64,5.83,9.4,30.7,52.7,16.1,30.5,23,650,8.5,6.62,5.27,0.38,0.13,0.03,0.21,Yes
208003808,3808,12608,2,1,8,3.3,,18,16901,7/26/2011,8/18/2011,8/30/2011,35,14.32,6.16,10.3,34,55.1,16.7,30.4,21.7,758,8.7,5.63,7.75,0.46,0.26,0.01,0.2,Yes
208003907,3907,15208,2,2,8,2.9,,12,2301,7/26/2011,8/18/2011,8/30/2011,35,24.47,5.62,9.3,31.9,56.8,16.6,29.3,19.5,690,10.2,8.03,15.15,0.51,0.24,0.07,0.46,Yes
208003908,3908,15208,2,2,8,3,,10,2301,7/26/2011,8/18/2011,8/30/2011,35,27.85,6,10.6,34.7,57.8,17.7,30.6,16,419,9.9,11.86,14.15,1.48,0.19,0.06,0.14,Yes
208003910,3910,15208,2,2,8,2.7,,12,2301,7/26/2011,8/18/2011,8/30/2011,35,22.24,6.19,9.1,31.5,51,14.7,28.8,22.9,718,10.9,6.83,14.03,0.69,0.27,0.02,0.4,Yes
208004010,4010,11206,2,2,8,2.6,,13,2301,7/26/2011,8/18/2011,8/30/2011,35,12.35,7.15,10.2,35.2,49.3,14.2,28.8,20.9,425,11.3,4.78,6.83,0.35,0.19,0.01,0.19,Yes
208004011,4011,11206,2,2,8,3,,15,2301,7/26/2011,8/18/2011,8/30/2011,35,14.25,6.98,9.6,33.7,48.2,13.8,28.5,22.1,830,11.1,6.36,6.68,0.66,0.26,0.01,0.29,Yes
208004012,4012,11206,2,2,8,2.8,,12,2301,7/26/2011,8/18/2011,8/30/2011,35,8.05,6.01,9,30.9,51.4,15,29.3,19.7,459,13.2,3.36,4.01,0.26,0.16,0.02,0.24,Yes
208004110,4110,9504,2,2,8,2.6,,11,504,7/26/2011,8/18/2011,8/30/2011,35,15.44,6.34,10.2,33.1,52.3,16.1,30.7,21,746,8.9,4.74,9.2,1.17,0.2,0.03,0.08,Yes
208004210,4210,11405,2,1,8,2.5,,13,303,7/26/2011,8/18/2011,8/30/2011,35,10.12,6.22,9.4,31.9,51.3,15.1,29.4,20.6,762,11.4,5.67,4.03,0.19,0.05,0.01,0.17,Yes
208004212,4212,11405,2,1,8,2.8,,15,303,7/26/2011,8/18/2011,8/30/2011,35,14.27,6.53,10.1,34.4,52.7,15.5,29.5,23.5,550,11.4,6.5,6.64,0.54,0.11,0.05,0.43,Yes
208004305,4305,1406,2,1,8,3,,15,17001,7/26/2011,8/18/2011,8/30/2011,35,14.23,6.28,11.3,35.8,57,18,31.5,16.4,645,9.7,5.81,7.36,0.36,0.18,0.01,0.51,Yes
208004306,4306,1406,2,1,8,3.3,,15,17001,7/26/2011,8/18/2011,8/30/2011,35,7.61,6.02,11.4,36,59.9,18.9,31.6,16.1,561,9.2,3.33,3.89,0.14,0.09,0.02,0.14,Yes
208004307,4307,1406,2,1,8,3.3,,13,17001,7/26/2011,8/18/2011,8/30/2011,35,17.81,6.33,10.7,35.5,56.2,16.8,30,18.2,481,9.9,8.26,8.21,0.52,0.16,0.05,0.61,Yes
208004408,4408,205,2,1,8,3.4,,16,303,7/26/2011,8/18/2011,8/30/2011,35,11.4,7.76,9,32.3,41.6,11.6,27.9,34.2,534,7.8,4.58,6.04,0.46,0.13,0.01,0.18,Yes
208004409,4409,205,2,1,8,3.7,,13,303,7/26/2011,8/18/2011,8/30/2011,35,12.94,7.18,10.4,34.8,48.4,14.4,29.8,24.6,604,11.5,3.4,8.51,0.48,0.23,0.1,0.19,Yes
208004507,4507,307,2,1,8,3.2,,12,15901,7/26/2011,8/18/2011,8/30/2011,35,14.07,6.55,10.2,34.5,52.7,15.5,29.4,22.9,753,10.4,4.35,9.13,0.31,0.11,0.03,0.14,Yes
208004509,4509,307,2,1,8,3.1,,14,15901,7/26/2011,8/18/2011,8/30/2011,35,14.07,6.55,10.2,34.5,52.7,15.5,29.4,22.9,753,10.4,4.35,9.13,0.31,0.11,0.03,0.14,Yes
208004606,4606,3710,2,1,8,3.4,1406,15,17108,7/26/2011,8/18/2011,8/30/2011,35,17.16,6.07,11.2,36.9,60.8,18.4,30.4,15.3,765,9.9,7.82,8.12,0.41,0.38,0.03,0.39,Yes
208004607,4607,3710,2,1,8,3.6,1406,14,17108,7/26/2011,8/18/2011,8/30/2011,35,13.58,6.67,11.1,36.3,54.5,16.6,30.6,18.6,586,10.6,4.1,8.15,0.52,0.34,0.03,0.45,Yes
208004608,4608,3710,2,1,8,3.6,1406,16,17108,7/26/2011,8/18/2011,8/30/2011,35,14.93,6.63,11.3,37.5,56.6,17,30.1,17.3,895,10.7,5.82,7.79,0.55,0.45,0.04,0.27,Yes
208004705,4705,11510,2,2,8,3.4,,12,9502,7/27/2011,8/18/2011,9/7/2011,42,17.13,5.92,9.4,33.9,57.3,15.9,27.7,21.6,384,9.6,4.63,11.12,0.45,0.19,0.09,0.65,Yes
208004706,4706,11510,2,2,8,3.1,,12,9502,7/27/2011,8/18/2011,9/7/2011,42,14.24,5.42,8.6,30.6,56.5,15.8,28,26.2,617,10.5,5.74,7.4,0.4,0.28,0.03,0.38,Yes
208004707,4707,11510,2,2,8,3.3,,14,9502,7/27/2011,8/18/2011,9/7/2011,42,15.12,6.87,10.1,34,49.5,14.7,29.6,21.6,365,11.7,4.57,8.97,0.92,0.45,0.06,0.14,Yes
208004708,4708,11510,2,2,8,3.1,,13,9502,7/27/2011,8/18/2011,9/7/2011,42,14.14,7.01,10.1,34.9,49.7,14.4,28.9,23.2,361,11.6,6.19,5.36,0.49,1.54,0.06,0.49,Yes
208004807,4807,10008,2,1,8,3.5,,13,10905,7/28/2011,8/18/2011,9/7/2011,41,7.85,6.08,8.7,30.6,50.4,14.4,28.5,25.8,560,11.9,2.65,4.4,0.54,0.15,0.02,0.09,Yes
208004808,4808,10008,2,1,8,3.1,,13,10905,7/28/2011,8/18/2011,9/7/2011,41,11.37,6.29,10.4,35.1,55.8,16.5,29.6,22.9,500,9.9,5.15,5.39,0.59,0.11,0.06,0.08,Yes
208004810,4810,10008,2,1,8,2.9,,12,10905,7/28/2011,8/18/2011,9/7/2011,41,9.55,5.83,9.9,33.3,57.1,17,29.9,21.8,461,9.9,4.31,4.59,0.4,0.17,0.02,0.06,Yes
208004908,4908,15511,2,1,8,3.2,,14,16901,7/28/2011,8/25/2011,9/7/2011,41,20.62,6.47,9.4,33.4,51.7,14.5,28.1,26.6,597,10.3,11.4,8.21,0.31,0.25,0.06,0.37,Yes
208004910,4910,15511,2,1,8,2.6,,17,16901,7/28/2011,8/25/2011,9/7/2011,41,20.02,6.87,10.2,34.9,50.9,14.9,29.3,26,673,9.3,12.63,6.45,0.74,0.14,0.04,0.04,Yes
208004912,4912,15511,2,1,8,2.2,,14,16901,7/28/2011,8/25/2011,9/7/2011,41,15.27,6.39,8.8,31.1,48.7,13.7,28.2,28.1,709,9.9,7.79,6.58,0.32,0.26,0.02,0.32,Yes
208004913,4913,15511,2,1,8,2,,14,16901,7/28/2011,8/25/2011,9/7/2011,41,15.28,7.12,9.8,34.6,48.6,13.8,28.4,27.9,198,9,4.25,9.81,0.55,0.28,0.05,0.37,Yes
208005007,5007,305,2,1,8,3.2,11510,12,17108,7/28/2011,8/18/2011,9/7/2011,41,13.41,6.26,10.3,35,55.9,16.5,29.6,22.9,594,11.1,7.23,5.36,0.39,0.09,0.01,0.32,Yes
208005008,5008,305,2,1,8,3.2,11510,12,17108,7/28/2011,8/18/2011,9/7/2011,41,9.95,5.9,10.6,35.7,60.5,18,29.7,21.9,733,9.3,4.64,4.61,0.23,0.22,0.02,0.25,Yes
208005010,5010,305,2,1,8,3.2,11510,10,17108,7/28/2011,8/18/2011,9/7/2011,41,11.44,6.28,10.8,37,58.9,17.1,29.1,18.8,732,10.2,5.18,5.42,0.3,0.13,0.03,0.39,Yes
208005107,5107,4308,2,1,8,2.6,,15,16901,7/30/2011,8/25/2011,9/7/2011,39,14.12,6.37,10,33.5,52.7,15.7,29.8,21.1,714,8.4,7.41,5.93,0.35,0.23,0.01,0.2,Yes
208005109,5109,4308,2,1,8,2.7,,17,16901,7/30/2011,8/25/2011,9/7/2011,39,13.6,6.59,10.5,35.7,54.1,16,29.5,21.9,565,8.7,6.09,6.72,0.35,0.11,0.04,0.3,Yes
208005111,5111,4308,2,1,8,3.2,,18,16901,7/30/2011,8/25/2011,9/7/2011,39,10.39,6.35,9.3,31.8,50,14.6,29.2,23.5,660,8.9,5.71,4.06,0.47,0.07,0.01,0.05,Yes
208005112,5112,4308,2,1,8,2.7,,12,16901,7/30/2011,8/25/2011,9/7/2011,39,14.15,5.52,9.5,31.6,57.3,17.1,29.9,18.7,483,9.2,8.08,5.14,0.44,0.11,0.01,0.38,Yes
208005209,5209,12210,2,2,8,3,,16,504,7/30/2011,8/25/2011,9/7/2011,39,12.56,5.86,9.3,31,52.9,15.9,30.1,22.1,327,12.2,5.92,5.19,0.45,0.68,0.04,0.29,Yes
208005210,5210,12210,2,2,8,2.7,,14,504,7/30/2011,8/25/2011,9/7/2011,39,12.7,6.08,8.4,29.6,48.7,13.8,28.4,21.4,784,10.1,7.56,4.51,0.24,0.14,0.03,0.24,Yes
208005211,5211,12210,2,2,8,2.3,,12,504,7/30/2011,8/25/2011,9/7/2011,39,10.83,5.17,8.2,28.9,55.9,15.8,28.4,21.3,436,15.5,5.48,4.4,0.32,0.57,0.01,0.04,Yes
208005305,5305,1008,2,2,8,2.2,10208,16,2301,8/1/2011,8/25/2011,9/7/2011,37,15.54,5.67,8,28.5,50.2,14.1,28.2,24.8,676,13,9.03,5.52,0.44,0.19,0.03,0.34,Yes
208005306,5306,1008,2,2,8,2.4,10208,12,2301,8/1/2011,8/25/2011,9/7/2011,37,14.05,6.04,8.7,31.3,51.8,14.4,27.9,23.8,698,12.3,7.92,5.23,0.72,0.08,0.03,0.08,Yes
208005407,5407,808,2,2,8,3.1,,12,2301,8/1/2011,8/25/2011,9/7/2011,37,12.98,6.15,9.9,34.3,55.8,16.1,28.8,16.8,287,13.3,4.76,7.62,0.23,0.13,0.04,0.18,Yes
208005408,5408,808,2,2,8,3.2,,15,2301,8/1/2011,8/25/2011,9/7/2011,37,12.07,6.29,9.2,33.8,53.7,14.6,27.1,20.6,596,11.5,4.42,6.99,0.37,0.1,0.02,0.18,Yes
208005410,5410,808,2,2,8,2.9,,13,2301,8/1/2011,8/25/2011,9/7/2011,37,12.71,5.9,9.3,33.6,57,15.8,27.7,19.7,429,12.1,7.63,4.07,0.52,0.17,0.01,0.32,Yes
208005504,5504,10206,2,2,8,3.7,,17,13501,8/1/2011,8/25/2011,9/7/2011,37,13.28,5.87,7.3,25.9,44.1,12.4,28.2,23.7,780,11.2,6.68,5.64,0.57,0.09,0.01,0.28,Yes
208005505,5505,10206,2,2,8,3.3,,17,13501,8/1/2011,8/25/2011,9/7/2011,37,13.98,6.32,9.2,33,52.2,14.5,27.9,23.2,308,11.6,6.49,6.26,0.41,0.5,0.03,0.28,Yes
208005506,5506,10206,2,2,8,3.2,,16,13501,8/1/2011,8/25/2011,9/7/2011,37,9.82,5.86,7.8,28.5,48.7,13.3,27.3,23.4,864,11.4,2.9,5.4,0.5,0.95,0.02,0.05,Yes
208005507,5507,10206,2,2,8,3.2,,14,13501,8/1/2011,8/25/2011,9/7/2011,37,8.02,5.75,8,28.9,50.3,13.9,27.7,22.4,730,10.5,2.89,3.99,0.22,0.75,0.01,0.17,Yes
208005508,5508,10206,2,2,8,3.2,,17,13501,8/1/2011,8/25/2011,9/7/2011,37,13.41,7.23,7.8,28.7,39.7,10.8,27.3,29.6,647,7.9,5.51,6.16,0.52,0.82,0.04,0.36,Yes
208005603,5603,10507,2,2,8,2.8,,17,12802,8/2/2011,8/25/2011,9/7/2011,36,14.92,6.17,8.7,31.1,50.4,14.2,28.1,25,729,11.1,9.04,4.27,0.79,0.49,0.01,0.31,Yes
208005605,5605,10507,2,2,8,2.8,,14,12802,8/2/2011,8/25/2011,9/7/2011,36,16.09,6.62,8.3,29.9,45.2,12.6,27.9,23.6,787,10.7,8.61,6.37,0.35,0.53,0.03,0.21,Yes
208005606,5606,10507,2,2,8,2.9,,15,12802,8/2/2011,8/25/2011,9/7/2011,36,11.58,6.53,9,33.4,51.1,13.8,26.9,25.4,720,13.3,5.42,5.43,0.41,0.14,0.01,0.17,Yes
209003007,3007,5309,2,1,9,3,,17,2402,11/6/2012,12/6/2012,12/14/2012,38,11.79,6.67,10.3,35.6,53.4,15.5,29,29,160,7.4,5.61,4.85,0.5,0.35,0.02,0.45,Yes
209003009,3009,5309,2,1,9,2.4,,16,2402,11/6/2012,12/6/2012,12/14/2012,38,15.6,6.42,10.4,34.4,53.6,16.2,30.3,22.7,157,6.9,9.22,5.46,0.45,0.16,0.02,0.3,Yes
209003010,3010,5309,2,1,9,2.4,,15,2402,11/6/2012,12/6/2012,12/14/2012,38,17.52,6.82,10.9,34.9,51.2,16,31.4,22.4,319,8.6,7.88,8.69,0.26,0.18,0.05,0.46,No
209003105,3105,810,2,1,9,2.8,,16,5106,11/7/2012,12/6/2012,12/14/2012,37,11.24,5.56,5.1,20.9,37.5,9.1,24.2,28.2,569,7.4,3.86,6.85,0.2,0.03,0.02,0.28,Yes
209003106,3106,810,2,1,9,3.1,,17,5106,11/7/2012,12/6/2012,12/14/2012,37,3.34,6.98,8.6,29.8,42.7,12.3,28.9,32.4,317,7.8,1.77,1.08,0.07,0.26,0,0.16,Yes
209003107,3107,810,2,1,9,2.8,,19,5106,11/7/2012,12/6/2012,12/14/2012,37,10.73,7.53,10.3,36.4,48.4,13.7,28.2,32.3,508,7.2,4.76,5.06,0.32,0.18,0.02,0.38,Yes
209003204,3204,9106,2,2,9,2.9,5411,20,5501,11/8/2012,12/6/2012,12/14/2012,36,11.51,5.95,8.8,29.2,49.1,14.8,30.1,25.7,126,7.7,5.99,4.78,0.26,0.18,0.01,0.29,No
209003408,3408,2908,2,2,9,3.4,,17,1602,11/8/2012,12/6/2012,12/14/2012,36,15.93,6.8,12.1,39,57.3,17.8,31.1,16.4,591,13.3,5.5,9.35,0.35,0.32,0.06,0.37,No
209003409,3409,2908,2,2,9,3.2,,20,1602,11/8/2012,12/6/2012,12/14/2012,36,13.32,6.79,9,30.4,44.7,13.2,29.6,25.6,585,9.6,4.28,8.3,0.52,0.12,0.04,0.07,No
209003410,3410,2908,2,2,9,2.9,,17,1602,11/8/2012,12/6/2012,12/14/2012,36,12.92,7.27,10.1,34.8,47.9,13.8,28.9,23.5,726,9.1,3.88,8.06,0.37,0.17,0.04,0.4,Yes
209003411,3411,2908,2,2,9,3.1,,17,1602,11/8/2012,12/6/2012,12/14/2012,36,11.42,7,6.2,24.8,35.5,8.9,25,30.1,866,7.9,6.03,4.72,0.23,0.01,0.02,0.41,Yes
209003412,3412,2908,2,2,9,2.2,5411,16,1602,11/8/2012,12/6/2012,12/14/2012,36,10.05,7.52,9.3,33.3,44.3,12.4,28.1,28.5,568,7,3.89,5.1,0.41,0.17,0.03,0.45,Yes
209003508,3508,4512,2,1,9,2.5,,17,5106,11/9/2012,12/6/2012,12/14/2012,35,17.24,6.75,10.7,35.3,52.3,15.9,30.4,21.4,367,9.3,12,4.53,0.19,0.17,0.02,0.31,Yes
209003510,3510,4512,2,1,9,2.6,,15,5106,11/9/2012,12/6/2012,12/14/2012,35,8.22,6.51,10.9,35.9,55.2,16.7,30.3,20.5,275,9,4.76,2.99,0.17,0.1,0.02,0.17,Yes
209003511,3511,4512,2,1,9,2.3,,16,5106,11/9/2012,12/6/2012,12/14/2012,35,27.3,6.26,9.9,32.3,51.6,15.7,30.5,22.8,598,8.6,20.78,4.8,1.12,0.27,0.03,0.27,No
209003605,3605,1506,2,1,9,3.1,,15,605,11/10/2012,12/6/2012,12/27/2012,47,18.35,6.81,12,37.4,54.9,17.6,32,18.9,602,9.6,5.71,11.38,0.66,0.31,0.06,0.22,Yes
209003606,3606,1506,2,1,9,3.6,,18,605,11/10/2012,12/6/2012,12/27/2012,47,21.23,6.9,10.4,33.8,49,15.1,30.9,21.9,350,9.6,4.27,15.31,1.06,0.23,0.06,0.3,No
209003607,3607,1506,2,1,9,2.8,,15,605,11/10/2012,12/6/2012,12/27/2012,47,21.44,6.36,10,33.1,52,15.7,30.2,22.9,584,10.1,9.05,11.04,0.81,0.26,0.04,0.21,Yes
209003609,3609,1506,2,1,9,2.7,,14,605,11/10/2012,12/6/2012,12/27/2012,47,20.35,6.54,10.3,33.6,51.3,15.8,30.7,24.9,467,10.3,7.2,11.05,1.44,0.43,0.08,0.14,Yes
209003610,3610,1506,2,1,9,2.2,,14,605,11/10/2012,12/6/2012,12/27/2012,47,20.84,6.45,10,31.5,48.9,15.5,31.6,23,484,10.3,8.04,10.8,0.88,0.58,0.04,0.48,Yes
209003702,3702,1609,2,2,9,2.8,,16,8901,11/10/2012,12/6/2012,12/27/2012,47,18.54,6.88,10.8,35.3,51.4,15.7,30.5,21.7,687,8.6,4.13,12.53,1.33,0.41,0.07,0.07,No
209003703,3703,1609,2,2,9,2.5,,15,8901,11/10/2012,12/6/2012,12/27/2012,47,17.78,6.82,10.6,34.8,50.9,15.5,30.4,19.6,725,9.6,6.7,9.58,0.6,0.53,0.07,0.28,No
209003704,3704,1609,2,2,9,2.6,,16,8901,11/10/2012,12/6/2012,12/27/2012,47,12.77,5.93,10.9,33.6,56.7,18.4,32.4,19.2,816,8.9,5.82,5.8,0.37,0.66,0.01,0.1,No
209003809,3809,2012,2,1,9,2.6,,16,10501,11/11/2012,12/6/2012,12/27/2012,46,14.67,5.97,10.4,33.8,56.6,17.5,30.9,19.8,453,9.8,4.47,8.64,0.51,0.75,0.04,0.23,No
209003810,3810,2012,2,1,9,2.6,,14,10501,11/11/2012,12/6/2012,12/27/2012,46,17.8,6.7,11.3,35.4,52.8,16.9,32,19,331,11.3,6.73,9.45,0.98,0.48,0.09,0.05,No
209003811,3811,2012,2,1,9,3.1,,17,10501,11/11/2012,12/6/2012,12/27/2012,46,16.84,7.14,11.9,36.9,51.7,16.7,32.3,19.1,369,11.5,7.06,8.29,0.81,0.61,0.03,0.05,Yes
209003910,3910,3604,2,1,9,3.9,,18,10903,11/12/2012,12/6/2012,12/27/2012,45,20.36,6.22,9.4,31.8,51.1,15,29.4,22.6,642,9.6,6.29,12.42,0.96,0.35,0.08,0.26,No
209003911,3911,3604,2,1,9,3.4,,15,10903,11/12/2012,12/6/2012,12/27/2012,45,13.84,5.71,10.2,31.2,54.7,17.9,32.7,18.4,520,9.9,7.06,5.85,0.47,0.22,0.03,0.22,Yes
209003912,3912,3604,2,1,9,3.7,,16,10903,11/12/2012,12/6/2012,12/27/2012,45,19.74,5.97,10.7,32.7,54.9,18,32.7,17.2,507,10.3,9.06,8.84,0.89,0.69,0.04,0.24,Yes
209004004,4004,8108,2,2,9,2.8,,12,7603,11/13/2012,12/6/2012,12/27/2012,44,20.34,5.27,8.7,28,53.2,16.4,30.9,30.6,642,11,5.39,13.2,0.94,0.33,0.14,0.35,Yes
209004005,4005,8108,2,2,9,2.8,,12,7603,11/13/2012,12/6/2012,12/27/2012,44,14.34,6.46,9.9,33.1,51.2,15.3,29.8,21.8,710,10.1,6.42,6.81,0.6,0.2,0.04,0.26,No
209004006,4006,8108,2,2,9,2.7,,11,7603,11/13/2012,12/6/2012,12/27/2012,44,19.07,6.01,9.9,33.2,55.3,16.5,29.8,25.1,436,10.9,3.78,13.71,1.13,0.27,0.11,0.06,Yes
209004007,4007,8108,2,2,9,3.1,,11,7603,11/13/2012,12/6/2012,12/27/2012,44,15.52,6.41,10.2,33.9,52.9,15.9,30,24.7,822,9.1,2.79,11.21,1.09,0.33,0.05,0.06,Yes
209004008,4008,8108,2,2,9,3.2,,12,7603,11/13/2012,12/6/2012,12/27/2012,44,14.72,5.79,9.1,29.8,51.5,15.7,30.5,30,650,9.1,4.83,8.41,0.97,0.29,0.16,0.06,No
209004110,4110,4409,2,1,9,3,,15,5907,11/14/2012,12/6/2012,12/27/2012,43,12.09,6.12,10.1,32,52.3,16.5,31.5,22.7,381,11.7,5.59,5.66,0.44,0.36,0.02,0.04,Yes
209004111,4111,4409,2,1,9,2.8,,16,5907,11/14/2012,12/6/2012,12/27/2012,43,9.19,6.01,10.3,31.9,53,17.2,32.4,21.3,341,12.5,2.73,5.73,0.35,0.22,0.04,0.13,Yes
209004203,4203,9011,2,1,9,3.4,,13,605,11/14/2012,12/6/2012,12/27/2012,43,11.96,5.94,10.7,33.8,57,18,31.5,18.6,421,9.2,3.64,7.21,0.35,0.56,0.04,0.17,No
209004208,4208,9011,2,1,9,3.3,,13,605,11/14/2012,12/6/2012,12/27/2012,43,9.02,6.61,10.7,34.5,52.2,16.2,31,17.6,269,10.3,2.89,5.22,0.42,0.28,0.02,0.19,Yes
209004209,4209,9011,2,1,9,3,,12,605,11/14/2012,12/6/2012,12/27/2012,43,18.42,5.84,10.5,33,56.5,17.9,31.7,18.3,450,9.7,7.52,9.6,0.5,0.41,0.07,0.33,Yes
209004210,4210,9011,2,1,9,3.4,,13,605,11/14/2012,12/6/2012,12/27/2012,43,12.28,6,10.6,33.3,55.4,17.6,31.7,22.3,511,9.1,6.98,4.67,0.37,0.16,0.01,0.09,Yes
209004213,4213,9011,2,1,9,3,,12,605,11/14/2012,12/6/2012,12/27/2012,43,9.46,6.08,9.6,33.3,54.8,15.9,29,25.7,396,9.9,3.98,4.85,0.24,0.12,0.05,0.21,Yes
209004302,4302,407,2,2,9,3.4,,18,8901,11/14/2012,12/13/2012,12/27/2012,43,16.51,6.46,11,35.1,54.3,17,31.3,19.4,596,10.4,4.08,11.16,0.54,0.54,0.05,0.13,Yes
209004303,4303,407,2,2,9,3.1,,16,8901,11/14/2012,12/13/2012,12/27/2012,43,23.83,6.27,9.8,33.1,52.7,15.6,29.5,19.1,467,11.3,6.7,14.89,1.31,0.79,0.05,0.07,Yes
209004304,4304,407,2,2,9,2.9,,15,8901,11/14/2012,12/13/2012,12/27/2012,43,12.11,6.41,10.2,33.3,51.9,15.9,30.7,22,121,14.8,3.37,7.29,0.63,0.61,0.02,0.18,Yes
209004406,4406,2007,2,1,9,3.4,,14,605,11/15/2012,12/13/2012,12/27/2012,42,14.37,5.6,9.7,31.8,56.9,17.3,30.4,19.1,634,9.5,5.43,7.72,0.57,0.52,0.03,0.1,Yes
209004407,4407,2007,2,1,9,3.3,,14,605,11/15/2012,12/13/2012,12/27/2012,42,17.37,5.08,9.4,30.4,59.8,18.6,31,17.8,701,10.1,6.57,9.36,0.69,0.5,0.05,0.17,Yes
209004408,4408,2007,2,1,9,3,,15,605,11/15/2012,12/13/2012,12/27/2012,42,14.95,6.52,10.4,33.8,51.9,15.9,30.6,25.3,316,11.9,6.35,7.42,0.45,0.61,0.01,0.09,Yes
209004410,4410,2007,2,1,9,2.9,,17,605,11/15/2012,12/13/2012,12/27/2012,42,19.06,6.62,9.6,32.6,49.2,14.5,29.4,26.4,751,10.2,10.18,8.01,0.5,0.25,0.02,0.1,No
209004411,4411,2007,2,1,9,2.8,,15,605,11/15/2012,12/13/2012,12/27/2012,42,12.51,6.51,10.7,34.8,53.4,16.4,30.7,18.1,786,10.2,5.09,6.78,0.2,0.21,0.03,0.2,No
209004504,4504,4307,2,2,9,2.7,,14,5203,11/18/2012,12/13/2012,12/27/2012,39,18.61,6.46,8.6,29.6,45.9,13.4,29.2,25.9,269,8.5,10.18,6.98,0.65,0.63,0.06,0.11,Yes
209004505,4505,4307,2,2,9,2.9,,16,5203,11/18/2012,12/13/2012,12/27/2012,39,12.71,5.79,7.6,27.1,46.8,13.1,27.9,26.4,213,9.1,6.88,4.6,0.43,0.67,0.01,0.09,Yes
209004506,4506,4307,2,2,9,2.8,,16,5203,11/18/2012,12/13/2012,12/27/2012,39,15.84,6.19,8.5,29.2,47.2,13.7,29.1,27,880,10.3,6.35,8.46,0.59,0.29,0.03,0.13,Yes
209004606,4606,4608,2,2,9,2.8,,15,10101,11/19/2012,12/13/2012,12/27/2012,38,12.63,7.44,9.4,33.3,44.8,12.6,28.1,26.7,727,8,4.57,7.22,0.43,0.28,0.03,0.1,Yes
209004607,4607,4608,2,2,9,3.1,,14,10101,11/19/2012,12/13/2012,12/27/2012,38,13.2,6.52,9.4,31.2,47.9,14.4,30.1,24.6,533,11.1,5.35,7.02,0.44,0.28,0.03,0.11,No
209004608,4608,4608,2,2,9,2.8,,14,10101,11/19/2012,12/13/2012,12/27/2012,38,14.31,6.16,9.3,30.5,49.6,15,30.4,23.9,606,11.6,7.54,5.91,0.46,0.29,0.01,0.09,No
209004609,4609,4608,2,2,9,3,,13,10101,11/19/2012,12/13/2012,12/27/2012,38,14.52,6.51,9,31.4,48.2,13.9,28.8,24.2,912,10.7,6.77,6.8,0.54,0.35,0.03,0.03,Yes
209004610,4610,4608,2,2,9,2.5,,12,10101,11/19/2012,12/13/2012,12/27/2012,38,12.92,6.87,10.3,34.7,50.6,15,29.7,28,458,7.7,5.47,6.3,0.62,0.45,0.04,0.03,No
209004611,4611,4608,2,2,9,2.4,,12,10101,11/19/2012,12/13/2012,12/27/2012,38,9.08,5.85,9.1,31.4,53.7,15.6,29.1,27.1,631,10,3.73,4.73,0.35,0.18,0.02,0.07,Yes
209004706,4706,8008,2,2,9,3,,16,1602,11/20/2012,12/13/2012,12/27/2012,37,12.49,6.97,8.8,32.1,46.1,12.7,27.5,22.2,749,8.9,4.48,6.84,0.44,0.59,0.04,0.1,No
209004707,4707,8008,2,2,9,2.4,,16,1602,11/20/2012,12/13/2012,12/27/2012,37,14.28,6.66,9.2,31.7,47.6,13.9,29.2,19.6,624,10.7,4.57,8.25,0.71,0.61,0.01,0.1,No
209004807,4807,5307,2,1,9,2.4,,12,10903,11/20/2012,12/13/2012,12/27/2012,37,19.96,5.7,9.7,33.6,59,17,28.9,18.1,800,8.7,9.92,7.88,1.12,0.66,0.02,0.34,No
209004808,4808,5307,2,1,9,2.4,,14,10903,11/20/2012,12/13/2012,12/27/2012,37,17.75,6.18,10,31.9,51.6,16.1,31.2,26.1,841,10.1,8.54,7.65,0.62,0.66,0.05,0.21,Yes
209004809,4809,5307,2,1,9,1.8,,12,10903,11/20/2012,12/13/2012,12/27/2012,37,12.97,5.82,10.6,33.6,57.6,18.3,31.7,21.9,365,11.4,5.75,6.11,0.48,0.51,0.04,0.1,Yes
209004906,4906,2305,2,1,9,4.1,,19,10501,11/20/2012,12/13/2012,12/27/2012,37,16.24,7.16,10.8,37.9,52.9,15,28.4,22.6,533,10.3,5.99,9.08,0.65,0.44,0.05,0.03,No
209004907,4907,2305,2,1,9,3.9,,15,10501,11/20/2012,12/13/2012,12/27/2012,37,13.91,6.51,10.6,35.1,53.9,16.2,30.1,19.7,703,9.8,6.41,6.37,0.53,0.46,0.03,0.11,No
209004908,4908,2305,2,1,9,4.3,,18,10501,11/20/2012,12/13/2012,12/27/2012,37,13.57,6.57,10,33.8,51.5,15.3,29.6,22.7,502,12.3,4.61,7.84,0.39,0.6,0.03,0.08,No
209004909,4909,2305,2,1,9,4.1,,17,10501,11/20/2012,12/13/2012,12/27/2012,37,17.63,7.43,10.4,36.4,49.1,13.9,28.4,21.9,715,11.1,8.18,7.97,0.58,0.53,0.07,0.32,Yes
209004910,4910,2305,2,1,9,4.6,,16,10501,11/20/2012,12/13/2012,12/27/2012,37,15.95,5.77,10,32.9,57,17.3,30.5,17.4,671,10.8,6.62,8.36,0.45,0.4,0.02,0.1,Yes
209005005,5005,6812,2,1,9,3.3,,14,10501,11/21/2012,12/13/2012,12/27/2012,36,16.55,6.82,11.4,38.8,56.9,16.8,29.5,15.8,498,11.3,7.66,7.48,0.63,0.7,0.05,0.03,Yes
209005006,5006,6812,2,1,9,3.1,,15,10501,11/21/2012,12/13/2012,12/27/2012,36,13.66,6.34,10.1,34.5,54.4,15.9,29.3,22.8,727,9.8,5,7.43,0.64,0.46,0.03,0.1,Yes
209005007,5007,6812,2,1,9,2.9,,13,10501,11/21/2012,12/13/2012,12/27/2012,36,13.84,6.37,10.5,35.3,55.4,16.4,29.7,20.6,916,10.1,5.26,7.57,0.51,0.37,0.04,0.08,Yes
209005103,5103,10605,2,2,9,4.1,,14,1602,11/24/2012,12/13/2012,1/2/2013,39,14.15,6.11,8.9,30.9,50.5,14.6,28.9,27.5,742,8.6,3.96,9.14,0.76,0.14,0.07,0.06,Yes
209005104,5104,10605,2,2,9,3.2,,13,1602,11/24/2012,12/13/2012,1/2/2013,39,9.96,5.92,9.9,31.6,53.4,16.8,31.4,23.2,329,10.1,4.77,4.54,0.25,0.24,0.03,0.13,Yes
209005105,5105,10605,2,2,9,2.9,,10,1602,11/24/2012,12/13/2012,1/2/2013,39,10.25,6.48,10.7,35.6,54.9,16.5,30.1,22,278,9.7,4.2,5.21,0.37,0.26,0.04,0.18,No
209005106,5106,10605,2,2,9,2.5,,10,1602,11/24/2012,12/13/2012,1/2/2013,39,7.9,5.96,10.2,34.6,58.1,17.1,29.5,20,351,11.3,3.54,3.77,0.26,0.16,0.03,0.13,Yes
209005107,5107,10605,2,2,9,2.4,,8,1602,11/24/2012,12/13/2012,1/2/2013,39,10.71,5.41,9.5,31.3,57.9,17.6,30.3,21.5,449,10.2,2.29,7.52,0.45,0.13,0.05,0.27,No
209005205,5205,9708,2,2,9,3.7,,13,5501,11/25/2012,12/13/2012,1/2/2013,38,9.24,6.06,9.8,33.2,54.8,16.1,29.4,22.3,324,11.7,4.35,4.05,0.35,0.25,0.03,0.21,Yes
209005206,5206,9708,2,2,9,4,,15,5501,11/25/2012,12/13/2012,1/2/2013,38,10.91,5.72,10,32.1,56.2,17.5,31.2,20.5,398,11.7,4.28,5.86,0.39,0.2,0.04,0.14,Yes
209005207,5207,9708,2,2,9,3.9,,14,5501,11/25/2012,12/13/2012,1/2/2013,38,10.45,6.59,9.4,30.8,46.7,14.2,30.4,22.8,661,10,2.49,7.26,0.3,0.29,0.03,0.07,Yes
209005208,5208,9708,2,2,9,3.7,,14,5501,11/25/2012,12/13/2012,1/9/2013,45,23.79,7.03,11.5,37.9,53.9,16.3,30.2,16.8,324,11.9,6.38,15.42,1.43,0.33,0.12,0.12,Yes
209005209,5209,9708,2,2,9,4,,14,5501,11/25/2012,12/13/2012,1/2/2013,38,9.41,6.25,11.2,35.7,57.2,17.9,31.3,17.9,344,11.4,3.97,4.82,0.37,0.15,0.03,0.08,Yes
209005210,5210,9708,2,2,9,3,,12,5501,11/25/2012,12/13/2012,1/2/2013,38,11.39,5.69,8.9,30.4,53.4,15.7,29.4,22.4,214,12.7,3.39,6.78,0.69,0.46,0.05,0.03,Yes
209005307,5307,9009,2,1,9,3.8,,11,10903,11/25/2012,12/13/2012,1/2/2013,38,12.21,6.11,10.8,34.9,57.1,17.8,31.1,17.8,447,10.5,5.6,5.98,0.24,0.27,0.02,0.09,No
209005308,5308,9009,2,1,9,3,,11,10903,11/25/2012,12/13/2012,1/2/2013,38,9.44,6.14,11.1,36.5,59.5,18.2,30.5,19.3,352,10.7,3.71,4.93,0.24,0.39,0.03,0.15,Yes
209005309,5309,9009,2,1,9,3.4,,12,10903,11/25/2012,12/13/2012,1/2/2013,38,11.33,6.23,10.9,36.4,58.4,17.4,29.8,18.6,442,10.1,4.83,5.55,0.49,0.4,0.01,0.07,Yes
209005404,5404,5706,2,2,9,2.9,,11,5501,11/27/2012,12/27/2012,1/9/2013,43,10.37,6.2,10.6,36.3,58.6,17.2,29.3,19.1,483,9.2,2.91,6.23,0.64,0.33,0.03,0.22,Yes
209005405,5405,5706,2,2,9,3.2,,18,5501,11/27/2012,12/27/2012,1/9/2013,43,15.19,6.77,10.7,36.6,54.1,15.8,29.3,23.6,544,10.4,3.63,10.42,0.55,0.24,0.06,0.3,No
209005406,5406,5706,2,2,9,3.4,,22,5501,11/27/2012,12/27/2012,1/2/2013,36,10.32,6.35,7.4,27.8,43.7,11.7,26.8,30.5,1054,10.8,3.73,6.04,0.35,0.18,0.02,0.01,Yes
209005407,5407,5706,2,2,9,2.7,,16,5501,11/27/2012,12/27/2012,1/2/2013,36,10.17,6.08,8.9,31.5,51.8,14.6,28.2,29.5,974,9.7,3.95,5.54,0.36,0.25,0.02,0.05,Yes
209005408,5408,5706,2,2,9,2.6,,20,5501,11/27/2012,12/27/2012,1/2/2013,36,10.4,6.83,9,32.2,47.2,13.2,27.9,29.1,965,11,3.16,6.56,0.3,0.29,0.02,0.06,Yes
209005409,5409,5706,2,2,9,2.2,,12,5501,11/27/2012,12/27/2012,1/2/2013,36,7.94,6.06,11.4,36.1,59.5,18.8,31.5,14.9,579,11.7,3.08,4.28,0.28,0.24,0.02,0.05,Yes
209005507,5507,6811,2,1,9,2.6,,16,5106,11/28/2012,12/27/2012,1/2/2013,35,9.27,6.66,10.6,36.2,54.4,15.9,29.2,25.5,630,9.5,3.84,4.74,0.3,0.32,0.01,0.06,Yes
209005509,5509,6811,2,1,9,2.3,,15,5106,11/28/2012,12/27/2012,1/2/2013,35,10.16,6.47,9.5,33.4,51.6,14.7,28.6,28.1,823,9.5,4.11,5.43,0.29,0.24,0.02,0.06,Yes
209005510,5510,6811,2,1,9,2.6,,15,5106,11/28/2012,12/27/2012,1/2/2013,35,7.68,7.16,10.4,36.3,50.7,14.5,28.7,27.4,659,9.5,2.78,4.42,0.27,0.15,0.01,0.05,Yes
209005511,5511,6811,2,1,9,2.8,,17,5106,11/28/2012,12/27/2012,1/2/2013,35,6.89,6.88,10,36.2,52.6,14.6,27.7,33.5,875,9.3,2.51,3.75,0.33,0.22,0.01,0.06,No
209005512,5512,6811,2,1,9,2.2,,14,5106,11/28/2012,12/27/2012,1/2/2013,35,5.97,6.54,8.7,31.1,47.6,13.2,27.8,33.5,525,7.8,2.08,3.3,0.24,0.29,0.01,0.06,No
209005604,5604,11108,2,2,9,3.1,,19,5501,11/29/2012,12/27/2012,1/9/2013,41,13.91,7.27,11.7,40.4,55.5,16.1,29,23.1,523,9.5,4.08,8.85,0.53,0.35,0.07,0.04,No
209005605,5605,11108,2,2,9,3.5,,17,5501,11/29/2012,12/27/2012,1/9/2013,41,9.35,6.56,10.4,34.7,52.9,15.9,30,18.8,492,9.2,2.19,6.45,0.37,0.23,0.03,0.07,Yes
209005705,5705,5009,2,1,9,2.8,,20,2301,11/29/2012,12/27/2012,1/9/2013,41,12.54,7.16,12,38.6,53.9,16.8,31.2,24.9,466,11,3.12,8.61,0.61,0.11,0.04,0.04,No
209005706,5706,5009,2,1,9,3.2,,20,2301,11/29/2012,12/27/2012,1/9/2013,41,7.67,7.82,10.7,35.7,45.7,13.7,29.9,29.5,626,7.4,0.93,5.35,0.77,0.27,0.02,0.32,No
209005708,5708,5009,2,1,9,2.9,,20,2301,11/29/2012,12/27/2012,1/9/2013,41,10.57,7.2,11.1,37.7,52.4,15.4,29.4,27.6,502,11.7,0.93,8.45,0.78,0.23,0.03,0.14,Yes
209005807,5807,2409,2,1,9,2.8,,16,2301,11/29/2012,12/27/2012,1/9/2013,41,11.23,7.05,11.4,37.5,53.2,16.2,30.4,27.7,315,8.4,4,6.31,0.43,0.3,0.03,0.16,Yes
209005810,5810,2409,2,1,9,2.2,10805,15,2301,11/29/2012,12/27/2012,1/9/2013,41,16.7,6.61,11.2,36.1,54.6,16.9,30.9,22.2,471,11.3,7.65,8.03,0.35,0.33,0.07,0.28,No
209005812,5812,2409,2,1,9,2.1,,14,2301,11/29/2012,12/27/2012,1/9/2013,41,11.98,6.93,10.4,36.5,52.7,15,28.4,28.3,620,10.8,4.32,6.88,0.56,0.14,0.02,0.05,Yes
209005814,5814,2409,2,1,9,2.7,,16,2301,11/29/2012,12/27/2012,1/9/2013,41,11.68,7.12,11.7,40.6,57,16.4,28.8,27.5,422,8.1,3.45,7.41,0.58,0.19,0.02,0.04,No
209005815,5815,2409,2,1,9,1.6,,14,2301,11/29/2012,12/27/2012,1/9/2013,41,10.72,6.68,9.6,35,52.4,14.4,27.6,30,395,8.5,4.41,5.55,0.44,0.18,0.02,0.12,Yes
209006006,6006,10808,2,1,9,2.7,,17,10903,11/30/2012,12/27/2012,1/9/2013,40,16.77,7.26,10.8,35.9,49.4,14.9,30.1,28.8,773,7.6,7.98,7.6,0.5,0.44,0.03,0.2,Yes
209006007,6007,10808,2,1,9,3,,17,10903,11/30/2012,12/27/2012,1/9/2013,40,17.23,6.83,9.7,34,49.7,14.2,28.6,28.2,934,9.4,10.15,5.93,0.48,0.5,0.02,0.16,Yes
209006008,6008,10808,2,1,9,3,,18,10903,11/30/2012,12/27/2012,1/9/2013,40,18.29,6.19,9,31.7,51.1,14.5,28.4,28.2,865,9.2,12.14,4.83,0.79,0.26,0.04,0.24,No
209006009,6009,10808,2,1,9,2.6,,14,10903,11/30/2012,12/27/2012,1/9/2013,40,14.15,6.25,10,32,51.2,16,31.3,22.1,389,10.9,7.22,5.67,0.61,0.38,0.01,0.25,Yes
209006105,6105,8109,2,2,9,3.6,,17,5203,12/2/2012,12/27/2012,1/9/2013,38,13.44,6.26,8.3,29,46.3,13.3,28.7,25.6,720,9.6,2.51,9.56,0.85,0.43,0.04,0.05,No
209006106,6106,8109,2,2,9,4,,21,5203,12/2/2012,12/27/2012,1/9/2013,38,10.27,6.59,9.4,34.2,51.9,14.2,27.4,28.6,766,10,3.85,5.51,0.41,0.25,0.05,0.18,No
209006107,6107,8109,2,2,9,3.1,,14,5203,12/2/2012,12/27/2012,1/9/2013,38,12.32,6.35,10.1,34.4,54.2,15.9,29.4,26.2,904,9.2,3.49,7.77,0.51,0.42,0.05,0.1,No
209006206,6206,2809,2,2,9,3,,16,1602,12/2/2012,12/27/2012,1/9/2013,38,19.39,6.44,10.1,33.8,52.5,15.6,29.8,21.2,629,10.6,10.08,8.09,0.76,0.37,0.04,0.04,Yes
209006207,6207,2809,2,2,9,2.3,,15,1602,12/2/2012,12/27/2012,1/9/2013,38,17.36,6.79,9.3,33.6,49.5,13.8,27.8,28.2,423,8.1,10.05,6.21,0.66,0.24,0.03,0.17,Yes
209006208,6208,2809,2,2,9,2.3,,15,1602,12/2/2012,12/27/2012,1/9/2013,38,22.88,7.48,8.2,29.1,38.9,10.9,28.1,27.9,571,7.4,12.58,9.2,0.45,0.27,0.02,0.34,Yes
209006209,6209,2809,2,2,9,2.3,,11,1602,12/2/2012,12/27/2012,1/9/2013,38,12.85,6.54,9,29.5,45.1,13.7,30.4,24.3,1045,9.9,3.88,7.9,0.65,0.25,0.01,0.14,Yes
209006310,6310,809,2,1,9,2.6,9806,16,10903,12/3/2012,12/27/2012,1/9/2013,37,13.2,6.97,10.4,35.1,50.4,14.9,29.6,26.7,765,9.9,5.83,6.28,0.59,0.26,0.03,0.2,No
209006311,6311,809,2,1,9,2.9,9806,18,10903,12/3/2012,12/27/2012,1/9/2013,37,20.58,7.13,10.1,33.8,47.4,14.2,30,28.2,1005,10.4,8.56,10.35,0.64,0.58,0.04,0.39,Yes
209006312,6312,809,2,1,9,2.2,811,12,10903,12/3/2012,12/27/2012,1/9/2013,37,14.41,5.6,9.1,30.3,54.1,16.3,30.2,25.5,895,10.2,6.67,6.46,0.99,0.2,0.03,0.06,Yes
209003301,3301,5411,2,2,9,2.3,,12,1602,11/9/2012,12/6/2012,12/14/2012,35,17.04,6.98,8.7,29.5,42.3,12.4,29.4,29.6,422,7.4,10.75,5.47,0.22,0.1,0.03,0.44,Yes
209003302,3302,5411,2,2,9,2.3,,12,1602,11/9/2012,12/6/2012,12/14/2012,35,9.66,7.04,9.9,33.5,47.5,14.1,29.6,26.1,176,7.6,6.47,2.56,0.19,0.08,0.02,0.34,No
209003303,3303,5411,2,2,9,2.3,,14,1602,11/9/2012,12/6/2012,12/14/2012,35,18.91,7.19,10.2,34.3,47.7,14.2,29.8,25.4,171,8.2,11.79,5.71,0.16,0.26,0.06,0.93,Yes
208000103,103,406,3,2,8,2.9,,15,13002,7/17/2011,8/11/2011,8/26/2011,40,19.01,5.85,9.1,31.2,53.3,15.6,29.2,24,642,9.3,11.46,6.58,0.59,0.11,0.02,0.25,Yes
208000104,104,406,3,2,8,2.9,,12.5,13002,7/17/2011,8/11/2011,8/26/2011,40,22.27,6.08,9.6,32.4,53.3,15.9,29.8,19.1,545,10,14.43,6.86,0.51,0.09,0.02,0.36,Yes
208000105,105,406,3,2,8,2.5,,14,13002,7/17/2011,8/11/2011,8/26/2011,40,18.12,6.24,10.3,34.2,54.8,16.5,30.2,18.7,479,9.2,11.25,5.87,0.82,0.11,0.02,0.05,Yes
208000201,201,9711,3,2,8,3.2,,15,9502,7/17/2011,8/11/2011,8/26/2011,40,24.8,5.43,9.2,30.5,56.1,17,30.3,20.9,438,9.5,16.44,7.12,0.45,0.22,0.05,0.55,Yes
208000204,204,9711,3,2,8,3.3,,16,9502,7/17/2011,8/11/2011,8/26/2011,40,20.16,5.73,10.3,33.5,58.4,18,30.8,18.5,625,9.5,13.12,6.47,0.2,0.1,0.02,0.24,Yes
208000301,301,17008,3,1,8,3.7,,14,15901,7/18/2011,8/11/2011,8/26/2011,39,12.12,6.62,10.5,34.7,52.4,15.8,30.2,21.9,694,8.3,6,5.37,0.42,0.16,0.02,0.15,Yes
208000302,302,17008,3,1,8,3,,13,15901,7/18/2011,8/11/2011,8/26/2011,39,11.1,6.46,10.1,32.8,50.7,15.6,30.8,21.7,836,9.2,6.58,3.91,0.23,0.13,0.01,0.24,Yes
208000307,307,17008,3,1,8,2.4,,12,15901,7/18/2011,8/11/2011,8/26/2011,39,19.23,6.69,10.4,34,50.9,15.6,30.6,22.8,807,8.6,10.77,7.67,0.29,0.13,0.02,0.33,Yes
208000402,402,13003,3,2,8,2.8,,14,504,7/18/2011,8/11/2011,8/26/2011,39,17.14,6.06,10.2,34.5,56.9,16.8,29.6,17,744,9.6,7.25,9.02,0.7,0.09,0.02,0.07,Yes
208000404,404,13003,3,2,8,2.4,,13,504,7/18/2011,8/11/2011,8/26/2011,39,21.53,6.14,10.5,34.5,56.1,17.1,30.4,18.9,582,10.2,6.78,13.43,0.67,0.24,0.04,0.34,Yes
208000405,405,13003,3,2,8,2.3,,13,504,7/18/2011,8/11/2011,8/26/2011,39,15.85,6.39,11.2,36,56.4,17.6,31.2,16.8,474,9.1,8.69,6.31,0.6,0.16,0.03,0.06,Yes
208000504,504,11804,3,1,8,3,,12,10905,7/19/2011,8/11/2011,8/26/2011,38,18.53,6.11,10.5,34.1,55.9,17.2,30.8,16.5,513,10.8,11.49,6.15,0.37,0.13,0.02,0.37,Yes
208000507,507,11804,3,1,8,2.3,,9.5,10905,7/19/2011,8/11/2011,8/26/2011,38,27.25,5.91,11.4,36.2,61.3,19.2,31.3,15.7,566,10.4,19.1,7.06,0.55,0.22,0.03,0.3,No
208000602,602,3408,3,1,8,3,,11.5,11403,7/20/2011,8/11/2011,8/26/2011,37,13.99,5.79,11,36.1,62.4,19,30.4,21.5,552,10.7,7.13,5.88,0.76,0.11,0.03,0.08,Yes
208000605,605,3408,3,1,8,2.6,,11.5,11403,7/20/2011,8/11/2011,8/26/2011,37,16.91,5.95,10.3,34.9,58.6,17.2,29.4,19.2,340,11.7,10.96,4.94,0.29,0.2,0.05,0.47,Yes
208000606,606,3408,3,1,8,2.6,,10.5,11403,7/20/2011,8/11/2011,8/26/2011,37,17.22,5.34,10.3,34.3,64.2,19.2,30,19.1,524,10.5,11.02,5.2,0.57,0.1,0.05,0.28,Yes
208000705,705,15210,3,2,8,3.3,,15,13002,7/20/2011,8/11/2011,8/26/2011,37,19.38,5.72,9.2,31.9,55.7,16,28.7,21,588,9.3,11.53,6.94,0.31,0.23,0.02,0.35,Yes
208000706,706,15210,3,2,8,3.7,,14.5,13002,7/20/2011,8/11/2011,8/26/2011,37,11.98,5.91,9.6,33,55.8,16.3,29.2,24.3,831,9,3.11,8.16,0.35,0.16,0.04,0.17,Yes
208000708,708,15210,3,2,8,2.9,,12,13002,7/20/2011,8/11/2011,8/26/2011,37,14.49,4.94,8,26.3,53.4,16.1,30.2,22.6,670,8.5,7.26,6.38,0.62,0.12,0.03,0.1,Yes
208000802,802,506,3,2,8,3.7,,15,9502,7/20/2011,8/11/2011,8/26/2011,37,23.43,5.39,7.6,27.7,51.4,14.1,27.4,27.3,984,9.1,9.37,12.56,0.77,0.23,0.05,0.45,Yes
208000803,803,506,3,2,8,2.7,,13.5,9502,7/20/2011,8/11/2011,8/26/2011,37,13.15,5.65,8.3,28.9,51,14.6,28.7,29.6,462,7.7,6.58,5.76,0.49,0.16,0.01,0.17,Yes
208000804,804,506,3,2,8,2.8,,15,9502,7/20/2011,8/11/2011,8/26/2011,37,20.36,6.37,10,34.7,54.4,15.8,29,24,840,8.8,10.73,8.12,1.12,0.26,0.02,0.08,Yes
208000901,901,4304,3,1,8,3.8,,11,15901,7/20/2011,8/11/2011,8/26/2011,37,16.2,6.34,9.8,32,50.4,15.4,30.5,20.1,874,9,8.38,7.16,0.47,0.13,0.02,0.03,Yes
208000902,902,4304,3,1,8,3.5,,13,15901,7/20/2011,8/11/2011,8/26/2011,37,15.75,7.42,10.3,35.1,47.3,13.9,29.5,23.1,651,9.5,7.51,7.39,0.46,0.19,0.02,0.17,Yes
208000903,903,4304,3,1,8,3.3,,14,15901,7/20/2011,8/11/2011,8/26/2011,37,13.51,6.92,9.3,31.4,45.3,13.4,29.5,26.1,902,9.2,6.32,6.21,0.28,0.45,0.01,0.23,Yes
208001002,1002,13504,3,2,8,3,,14,1802,7/20/2011,8/11/2011,8/26/2011,37,14.88,5.77,8.4,28.8,50,14.5,29.1,24,866,13.6,4.91,9.15,0.37,0.18,0.03,0.24,Yes
208001004,1004,13504,3,2,8,2.8,,12,1802,7/20/2011,8/11/2011,8/26/2011,37,15.16,6.04,10.5,34.4,57.1,17.4,30.4,16.8,836,10.3,7.19,7.17,0.47,0.09,0.02,0.23,Yes
208001102,1102,2509,3,2,8,3.3,,12,13502,7/20/2011,8/11/2011,8/26/2011,37,19.92,7.06,11.2,34.4,48.7,15.8,32.5,18.7,573,9.8,9.28,9.32,0.74,0.48,0.04,0.08,Yes
208001104,1104,2509,3,2,8,2.9,,8,13502,7/20/2011,8/11/2011,8/26/2011,37,15.64,6.15,10.9,35.1,57,17.7,31,16,733,8.5,8.63,5.82,1,0.11,0.02,0.05,Yes
208001105,1105,2509,3,2,8,2.6,,9,13502,7/20/2011,8/11/2011,8/26/2011,37,15.18,6.58,10.6,34.7,52.8,16.1,30.6,19.7,728,9.2,6.88,7.32,0.58,0.11,0.03,0.27,Yes
208001202,1202,16907,3,1,8,3.1,,12,3401,7/20/2011,8/11/2011,8/26/2011,37,19.11,5.97,10.8,35.6,59.7,18.2,30.4,22,643,9.1,5.54,12.86,0.27,0.25,0.02,0.15,Yes
208001204,1204,16907,3,1,8,2.7,,12,3401,7/20/2011,8/11/2011,8/26/2011,37,26.81,6.19,11.5,36.3,58.6,18.6,31.8,17,371,10.8,8.18,17.27,0.62,0.38,0.05,0.35,Yes
208001205,1205,16907,3,1,8,2.3,,11,3401,7/20/2011,8/11/2011,8/26/2011,37,12.33,5.48,10.6,35.1,64,19.4,30.3,19.8,429,11.1,6.79,4.77,0.38,0.17,0.02,0.21,Yes
208001403,1403,10913,3,1,8,2.6,,11,17001,7/21/2011,8/11/2011,8/26/2011,36,9.71,5.88,9.7,31.8,54.2,16.5,30.5,24.7,286,11.6,6.89,1.75,0.36,0.48,0,0.23,Yes
208001404,1404,10913,3,1,8,2.6,,13,17001,7/21/2011,8/11/2011,8/26/2011,36,12.82,6.27,8.9,30.1,48.1,14.2,29.6,27.1,738,9.5,6.97,4.99,0.67,0.13,0.01,0.06,Yes
208001407,1407,10913,3,1,8,2.8,,12,17001,7/21/2011,8/11/2011,8/26/2011,36,8.19,5.95,9.9,33,55.4,16.6,30,22.1,660,9.1,3.84,3.96,0.25,0.08,0.01,0.06,No
208001502,1502,9713,3,2,8,3.7,,13,1802,7/21/2011,8/11/2011,8/26/2011,36,20.85,6.03,10.1,33.5,55.6,16.8,30.2,15.9,402,10.6,11.7,7.78,0.54,0.58,0.02,0.21,Yes
208001504,1504,9713,3,2,8,2.7,,13,1802,7/21/2011,8/11/2011,8/26/2011,36,21.37,6.24,9.1,30,48.2,14.6,30.2,22.7,811,12.2,10.43,10.07,0.51,0.24,0.02,0.09,Yes
208001506,1506,9713,3,2,8,2.7,,12,1802,7/21/2011,8/11/2011,8/26/2011,36,12.28,5.61,9.9,30.2,53.8,17.7,32.9,20.2,171,12,4.4,7.29,0.36,0.1,0.01,0.12,Yes
208001605,1605,108,3,2,8,2.3,,16,13002,7/21/2011,8/15/2011,8/26/2011,36,16.09,7.26,9.6,32.3,44.5,13.2,29.6,23.3,469,12.1,9.41,5.89,0.53,0.18,0.03,0.05,Yes
208001606,1606,108,3,2,8,1.7,,12,13002,7/21/2011,8/15/2011,8/26/2011,36,9.25,5.8,10.4,33.6,57.9,18,31.1,19,100,13,5.61,3.1,0.16,0.25,0.01,0.13,Yes
208001608,1608,108,3,2,8,1.6,,13,13002,7/21/2011,8/15/2011,8/26/2011,36,14.66,6.7,10,33.6,50.1,15,29.9,22.8,209,13.3,7.61,6.26,0.22,0.43,0.01,0.13,Yes
208001701,1701,11907,3,2,8,2.8,,17,13502,7/21/2011,8/15/2011,8/26/2011,36,8.98,6.39,8,27.1,42.4,12.5,29.6,28,292,8.5,3.52,4.77,0.22,0.4,0.01,0.04,Yes
208001704,1704,11907,3,2,8,2.8,,16,13502,7/21/2011,8/15/2011,8/26/2011,36,10.47,7.59,10,34.8,45.9,13.2,28.7,25,521,7.5,3.46,5.83,0.45,0.69,0.02,0.03,Yes
208001706,1706,11907,3,2,8,2.5,,15,13502,7/21/2011,8/15/2011,8/26/2011,36,14.05,6.72,9.1,30,44.6,13.6,30.4,25.6,448,7.9,7.83,4.86,0.51,0.79,0.01,0.04,Yes
208001801,1801,15705,3,1,8,3.2,,17,10905,7/22/2011,8/15/2011,8/30/2011,39,11.01,7.65,10.5,36.9,48.2,13.8,28.5,25.4,775,7.1,5.23,5.34,0.2,0.14,0.01,0.09,Yes
208001802,1802,15705,3,1,8,3.1,,17,10905,7/22/2011,8/15/2011,8/30/2011,39,9.79,6.99,10.5,34.2,48.9,15.1,30.8,24.4,706,9.2,2.66,6.46,0.28,0.22,0.03,0.13,Yes
208001806,1806,15705,3,1,8,2.2,,14,10905,7/22/2011,8/15/2011,8/30/2011,39,12.72,6.3,9.8,33,52.3,15.6,29.9,24,646,9.5,5.22,6.87,0.34,0.13,0.03,0.14,Yes
208002101,2101,14907,3,2,8,3.9,,15,1601,7/22/2011,8/15/2011,8/30/2011,39,18.68,6.15,10.5,35.1,57.1,17.1,30,15.7,601,9.2,7.62,10.16,0.54,0.26,0.04,0.06,Yes
208002102,2102,14907,3,2,8,2.9,,16,1601,7/22/2011,8/15/2011,8/30/2011,39,16.57,5.44,9.5,32.9,60.5,17.5,28.9,16.3,812,8.9,8.45,7.41,0.5,0.13,0.02,0.07,Yes
208002103,2103,14907,3,2,8,3.1,,12,1601,7/22/2011,8/15/2011,8/30/2011,39,24.73,5.26,8.4,28.8,54.8,16,29.2,16.1,855,9.2,18.77,3.81,1.53,0.47,0.07,0.07,Yes
208002203,2203,16906,3,1,8,2.8,,9,3401,7/22/2011,8/15/2011,8/30/2011,39,11.69,4.76,9.6,31.1,65.3,20.2,31,19.4,634,11.2,5.14,5.75,0.61,0.13,0.02,0.02,Yes
208002204,2204,16906,3,1,8,2.6,,5,3401,7/22/2011,8/15/2011,8/30/2011,39,8.29,5.15,9.9,33.3,64.6,19.2,29.6,18.1,810,8.9,4.93,2.7,0.52,0.06,0.02,0.07,Yes
208002209,2209,16906,3,1,8,1.7,,10,3401,7/22/2011,8/15/2011,8/30/2011,39,11.2,5.49,10.3,33.9,61.8,18.7,30.2,16.3,693,9.1,5.51,5.03,0.37,0.07,0.03,0.19,Yes
208002301,2301,809,3,2,8,2.7,,13,13002,7/22/2011,8/15/2011,8/30/2011,39,19.18,6.39,10.6,36.7,57.5,16.6,29,17.6,972,8.6,7.63,10.63,0.69,0.06,0.06,0.12,Yes
208002304,2304,809,3,2,8,2.2,,12,13002,7/22/2011,8/15/2011,8/30/2011,39,14.1,6.43,9.8,33.3,51.8,15.2,29.4,22,769,8.6,7.46,6.06,0.42,0.07,0.03,0.06,Yes
208002306,2306,809,3,2,8,2.6,,15,13002,7/22/2011,8/15/2011,8/30/2011,39,15.45,6.73,10.5,36.9,54.8,15.7,28.6,23.3,807,8.9,7.43,7.18,0.49,0.09,0.03,0.23,Yes
208002403,2403,10911,3,1,8,4.5,,15,303,7/22/2011,8/15/2011,8/30/2011,39,12.87,6.45,11,36.5,56.6,17.1,30.2,20.1,477,9.3,4.77,7.41,0.42,0.1,0.01,0.13,Yes
208002405,2405,10911,3,1,8,3.3,,14,303,7/22/2011,8/15/2011,8/30/2011,39,10.71,7.04,10.4,34.8,49.4,14.8,29.9,26.7,710,9.3,5.98,4.26,0.21,0.12,0.01,0.13,Yes
208002406,2406,10911,3,1,8,2.8,,15,303,7/22/2011,8/15/2011,8/30/2011,39,9.87,6.38,9.6,32.7,51.3,15,29.2,26.9,737,9.6,4.34,5.03,0.19,0.19,0.01,0.12,Yes
208002501,2501,17110,3,1,8,3.2,,16,11403,7/22/2011,8/15/2011,8/30/2011,39,15.24,6.23,10.6,35.8,57.4,17,29.5,19.3,820,9.4,8.28,6.25,0.32,0.06,0.03,0.3,Yes
208002503,2503,17110,3,1,8,3.2,,13,11403,7/22/2011,8/15/2011,8/30/2011,39,15.19,6.9,11.4,37.1,53.8,16.5,30.8,18.5,605,9.8,4.07,10.21,0.44,0.2,0.05,0.26,Yes
208002601,2601,15708,3,1,8,3.2,,14,10905,7/23/2011,8/15/2011,8/30/2011,38,19.3,6.72,10.6,34.5,51.4,15.8,30.7,21.7,491,8.9,6.2,11.73,1.04,0.12,0.08,0.14,Yes
208002603,2603,15708,3,1,8,2.2,,11,10905,7/23/2011,8/15/2011,8/30/2011,38,10.11,6.1,10.6,34.8,57.1,17.4,30.4,23.8,493,9.1,5.69,4.02,0.27,0.07,0.02,0.03,Yes
208002604,2604,15708,3,1,8,2.7,,7,10905,7/23/2011,8/15/2011,8/30/2011,38,12.09,6.17,10.2,34.3,55.6,16.6,29.9,20.9,621,9,8.02,3.8,0.11,0.07,0.01,0.08,Yes
208002702,2702,12903,3,2,8,4,,15,13502,7/23/2011,8/15/2011,8/30/2011,38,11.63,5.39,7.6,25.9,48.1,14.2,29.5,20,668,9.8,3.91,7.28,0.24,0.07,0.01,0.12,Yes
208002704,2704,12903,3,2,8,3.6,,16,13502,7/23/2011,8/15/2011,8/30/2011,38,16.79,6.77,9.9,33.9,50.1,14.6,29.2,22.1,627,8.9,7.1,8.75,0.71,0.17,0.03,0.05,Yes
208002705,2705,12903,3,2,8,4.1,,16,13502,7/23/2011,8/15/2011,8/30/2011,38,8.37,7.22,9.4,33.6,46.5,13,28,21.3,802,9.7,3.89,3.26,0.64,0.49,0.03,0.05,Yes
208002801,2801,11007,3,1,8,3.3,,11,10905,7/23/2011,8/15/2011,8/30/2011,38,13.71,6.55,11.9,37.3,56.9,18.2,31.9,15.1,478,9.2,6.5,6.5,0.3,0.19,0.03,0.19,Yes
208002803,2803,11007,3,1,8,2.9,,12,10905,7/23/2011,8/15/2011,8/30/2011,38,16.11,6.3,11.6,37,58.7,18.5,31.4,16.1,461,9.7,7.96,7.27,0.24,0.42,0.05,0.18,Yes
208002804,2804,11007,3,1,8,3.1,,14,10905,7/23/2011,8/15/2011,8/30/2011,38,12.76,6.42,12,38.7,60.3,18.7,31.1,16,544,9.3,5.26,6.69,0.37,0.24,0.05,0.15,Yes
208002901,2901,309,3,1,8,2.9,,14,15901,7/23/2011,8/15/2011,8/30/2011,38,16.19,6.2,10,34.2,55.2,16.2,29.4,24.5,1141,8.1,6.95,8.11,0.5,0.4,0.03,0.21,Yes
208002904,2904,309,3,1,8,2.7,,14,15901,7/23/2011,8/15/2011,8/30/2011,38,13.8,7.35,11.3,37.2,50.6,15.4,30.5,20.9,484,9.8,3.48,9.66,0.28,0.23,0.03,0.14,Yes
208002905,2905,309,3,1,8,2.5,,13,15901,7/23/2011,8/15/2011,8/30/2011,38,20.22,6.89,11.1,33.4,48.5,16.1,33.2,23.1,1143,11.7,9.08,9.58,0.85,0.59,0.02,0.1,Yes
208003001,3001,14508,3,1,8,2.3,10912,12,3401,7/23/2011,8/15/2011,8/30/2011,38,13.86,6.41,10.9,35.8,55.8,16.9,30.4,19.1,445,10.1,7.18,5.99,0.39,0.1,0.01,0.19,Yes
208003002,3002,14508,3,1,8,2.3,10912,12,3401,7/23/2011,8/15/2011,8/30/2011,38,13.27,6.49,11.2,37,57.1,17.2,30.2,19.1,284,11.2,8.56,3.66,0.36,0.52,0.03,0.15,Yes
208003003,3003,14508,3,1,8,2,16008,12,3401,7/23/2011,8/18/2011,8/30/2011,38,11.91,6.27,10.2,33.2,53,16.2,30.6,21.7,688,10.1,5.54,5.43,0.39,0.12,0.02,0.4,Yes
208003103,3103,11505,3,2,8,3.2,,17,13501,7/23/2011,8/15/2011,8/30/2011,38,10.68,6.99,10.5,36.2,51.8,15.1,29.1,21.4,531,10,3.42,6.44,0.58,0.17,0.03,0.04,Yes
208003104,3104,11505,3,2,8,2.9,,15,13501,7/23/2011,8/15/2011,8/30/2011,38,9.07,6.87,9.2,31.7,46.1,13.4,29.1,22.3,495,11.3,5.05,2.95,0.25,0.65,0.02,0.15,Yes
208003105,3105,11505,3,2,8,3,,12,13501,7/23/2011,8/15/2011,8/30/2011,38,15.68,6.36,10.6,35,55.1,16.6,30.2,19,392,10.4,3.14,11.12,0.93,0.34,0.08,0.09,Yes
208003201,3201,11507,3,2,8,3.7,,19,504,7/24/2011,8/15/2011,8/30/2011,37,17.59,6.78,9.1,30.8,45.4,13.4,29.6,22.5,689,9.4,5.15,11.68,0.28,0.3,0.02,0.16,Yes
208003202,3202,11507,3,2,8,3.1,,16,504,7/24/2011,8/15/2011,8/30/2011,37,11.71,7.22,9.2,31.4,43.5,12.7,29.2,26.1,869,10.7,1.7,9.51,0.2,0.14,0.01,0.15,Yes
208003204,3204,11507,3,2,8,2.7,,15,504,7/24/2011,8/15/2011,8/30/2011,37,12.22,7.06,9.5,33.3,47.2,13.5,28.5,28,743,10.3,2.59,8.91,0.46,0.2,0.02,0.04,No
208003302,3302,10912,3,1,8,3.5,,16,303,7/24/2011,8/15/2011,8/30/2011,37,10.9,7.16,10.7,36.6,51.1,14.9,29.2,27.2,472,8.2,3.63,6.78,0.19,0.13,0.01,0.15,Yes
208003303,3303,10912,3,1,8,3.6,,15,303,7/24/2011,8/15/2011,8/30/2011,37,12,6.76,10.7,36.1,53.4,15.9,29.7,21,649,8.9,6.1,5.45,0.19,0.11,0.02,0.13,Yes
208003401,3401,16008,3,1,8,3.1,,18,17108,7/24/2011,8/18/2011,8/30/2011,37,15.72,6.59,10.2,34.9,52.9,15.5,29.3,28.5,521,7.9,7.61,6.82,0.85,0.27,0.03,0.13,Yes
208003501,3501,15207,3,2,8,4.2,1806,19,1802,7/24/2011,8/18/2011,8/30/2011,37,11.14,6.84,7.7,28.7,42,11.3,26.8,30,977,6.9,6.54,4.08,0.36,0.11,0.02,0.03,No
208003502,3502,15207,3,2,8,4,1806,22,1802,7/24/2011,8/18/2011,8/30/2011,37,21.04,7.59,7.9,30.1,39.7,10.4,26.2,33.6,965,7.1,12.58,6.77,0.82,0.74,0.04,0.11,Yes
208003503,3503,15207,3,2,8,3.8,1806,21,1802,7/24/2011,8/18/2011,8/30/2011,37,12.54,6.29,7.9,28.1,44.7,12.5,28.1,27.2,1540,8.6,5.92,6.04,0.24,0.15,0.03,0.18,Yes
208003601,3601,1806,3,2,8,3.7,,20,1601,7/24/2011,8/18/2011,8/30/2011,37,20.01,6.46,9.4,32.6,50.4,14.5,28.8,20.4,519,9.5,10.59,8.22,0.82,0.26,0.04,0.06,Yes
208003603,3603,1806,3,2,8,3.2,,19,1601,7/24/2011,8/18/2011,8/30/2011,37,14.29,6.92,7.6,28,40.5,11,27.2,27.9,710,7.8,5.67,7.82,0.29,0.26,0.03,0.23,No
208003604,3604,1806,3,2,8,3,,18,1601,7/24/2011,8/18/2011,8/30/2011,37,11.45,6.49,8.7,29.2,44.9,13.4,29.8,25.4,556,9,5.05,5.51,0.39,0.34,0.01,0.15,Yes
208003702,3702,9905,3,2,8,2.8,,15,13502,7/25/2011,8/18/2011,8/30/2011,36,14.19,7.54,10.9,35.3,46.8,14.4,30.8,19.1,478,9.4,6.04,7.56,0.27,0.18,0.03,0.11,Yes
208003704,3704,9905,3,2,8,2.4,,13,13502,7/25/2011,8/18/2011,8/30/2011,36,12.21,7,11.4,37.9,54.1,16.3,30.2,18.4,558,9.1,6.3,5.18,0.45,0.12,0.02,0.16,Yes
208003708,3708,9905,3,2,8,2.6,,14,13502,7/25/2011,8/18/2011,8/30/2011,36,15.17,6.98,11.4,36.4,52.1,16.3,31.3,17.3,473,9.4,8.21,6.1,0.46,0.24,0.03,0.14,Yes
208003801,3801,12608,3,1,8,3.5,,17,16901,7/26/2011,8/18/2011,8/30/2011,35,9.32,5.86,9.2,30.3,51.7,15.6,30.2,23.5,569,9.2,4.35,4.4,0.38,0.13,0.01,0.05,No
208003803,3803,12608,3,1,8,2.8,,16,16901,7/26/2011,8/18/2011,8/30/2011,35,12.49,6.37,10,33.5,52.5,15.7,29.8,22.3,518,8.8,5.42,6.02,0.56,0.17,0.02,0.27,Yes
208003901,3901,15208,3,2,8,3.3,,12,2301,7/26/2011,8/18/2011,8/30/2011,35,14.03,5.6,9.3,30.6,54.6,16.6,30.4,17.3,614,10,5.06,7.84,0.38,0.51,0.03,0.22,Yes
208003902,3902,15208,3,2,8,3,,13,2301,7/26/2011,8/18/2011,8/30/2011,35,23.44,5.98,9.6,31.8,53.2,16.1,30.3,18.7,711,9.8,6.91,14.95,0.66,0.23,0.05,0.63,Yes
208003903,3903,15208,3,2,8,2.8,,12,2301,7/26/2011,8/18/2011,8/30/2011,35,27.73,6.03,9.8,32.6,54,16.2,29.9,20,520,10.1,8.37,17.94,0.92,0.19,0.11,0.19,Yes
208004005,4005,11206,3,2,8,2.6,,15,2301,7/26/2011,8/18/2011,8/30/2011,35,17.85,6.93,10,34.4,49.6,14.5,29.1,22.5,521,10.3,7.71,9.01,0.79,0.21,0.05,0.05,Yes
208004008,4008,11206,3,2,8,2.7,,15,2301,7/26/2011,8/18/2011,8/30/2011,35,16.92,6.94,9.9,34.1,49.2,14.2,28.9,21.6,744,10.9,8.34,7.82,0.46,0.22,0.02,0.05,Yes
208004009,4009,11206,3,2,8,2.1,,13,2301,7/26/2011,8/18/2011,8/30/2011,35,13.18,7.29,9.1,32,43.9,12.4,28.4,24.5,518,8.6,5.35,7.3,0.17,0.17,0.01,0.17,Yes
208004101,4101,9504,3,2,8,3.5,,12,504,7/26/2011,8/18/2011,8/30/2011,35,19.08,6.77,8.9,30.5,45,13.2,29.3,24.8,562,11.1,9.65,8.09,0.65,0.34,0.08,0.27,Yes
208004105,4105,9504,3,2,8,3,,14,504,7/26/2011,8/18/2011,8/30/2011,35,15.7,6.03,8.8,30.8,51.1,14.5,28.5,28.3,578,10.3,9.03,5.29,0.6,0.46,0.03,0.3,Yes
208004107,4107,9504,3,2,8,3,,14,504,7/26/2011,8/18/2011,8/30/2011,35,16.74,6.96,10.8,36.2,52.1,15.5,29.8,24.9,748,9.1,7.58,8.22,0.47,0.2,0.03,0.23,Yes
208004202,4202,11405,3,1,8,3.5,,15,303,7/26/2011,8/18/2011,8/30/2011,35,13.84,6.78,10.1,33.7,49.7,14.9,29.9,22.2,535,10,4.73,8.05,0.47,0.4,0.01,0.17,Yes
208004203,4203,11405,3,1,8,2.7,,13,303,7/26/2011,8/18/2011,8/30/2011,35,11.71,6.59,9.5,32.2,48.9,14.4,29.6,23.9,602,11.7,3.1,8.13,0.33,0.09,0.02,0.02,Yes
208004204,4204,11405,3,1,8,2.5,,13,303,7/26/2011,8/18/2011,8/30/2011,35,13.12,6.22,9.1,30.9,49.8,14.6,29.3,21.2,739,10.2,6.25,6.23,0.37,0.07,0.01,0.2,Yes
208004301,4301,1406,3,1,8,3.6,,17,17001,7/26/2011,8/18/2011,8/30/2011,35,12.28,6.25,9.9,31.8,50.9,15.8,31,24.1,692,9.1,5.66,5.64,0.21,0.25,0.02,0.52,No
208004303,4303,1406,3,1,8,3.1,,14,17001,7/26/2011,8/18/2011,8/30/2011,35,14.71,6.49,10.5,35.3,54.5,16.1,29.6,17.6,590,10,8.18,5.81,0.49,0.15,0.01,0.07,Yes
208004304,4304,1406,3,1,8,3.2,,15,17001,7/26/2011,8/18/2011,8/30/2011,35,19.53,6.27,10.9,35.6,56.8,17.4,30.6,17,485,9.9,11.99,6.76,0.29,0.12,0.04,0.33,Yes
208004402,4402,205,3,1,8,3.4,,14,303,7/26/2011,8/18/2011,8/30/2011,35,10.39,8.34,10.5,36,43.1,12.6,29.3,28.6,396,8.7,5.01,4.61,0.25,0.17,0.01,0.34,Yes
208004403,4403,205,3,1,8,3.9,,14,303,7/26/2011,8/18/2011,8/30/2011,35,8.93,7.99,9.2,33.5,41.9,11.6,27.6,32.2,569,7.2,3.66,4.59,0.25,0.24,0.01,0.18,Yes
208004405,4405,205,3,1,8,2.5,,13,303,7/26/2011,8/18/2011,8/30/2011,35,13.2,7.84,9.6,33.5,42.7,12.2,28.5,29,538,8.1,5.69,6.2,0.4,0.69,0.01,0.22,Yes
208004503,4503,307,3,1,8,3.4,,11,15901,7/26/2011,8/18/2011,8/30/2011,35,21.15,6.58,8.8,30.5,46.4,13.4,29,28.1,715,9.5,12.56,7.95,0.38,0.15,0.02,0.06,Yes
208004504,4504,307,3,1,8,3.1,,13,15901,7/26/2011,8/18/2011,8/30/2011,35,21.23,7.48,8.8,30.3,40.5,11.8,29.2,29.1,287,8.1,8.75,10.93,0.57,0.59,0.04,0.34,Yes
208004603,4603,3710,3,1,8,3,307,11,17108,7/26/2011,8/18/2011,8/30/2011,35,10.49,6.22,9.9,33.7,54.2,15.8,29.2,22.4,759,9.8,6.21,3.76,0.24,0.1,0.01,0.17,Yes
208004701,4701,11510,3,2,8,3.9,,12,9502,7/27/2011,8/18/2011,9/7/2011,42,17.89,6.54,10.3,35,53.6,15.8,29.4,21.9,508,10.9,6.98,9.16,0.95,0.63,0.07,0.13,Yes
208004702,4702,11510,3,2,8,3.6,,15,9502,7/27/2011,8/18/2011,9/7/2011,42,31.38,6.63,10.6,35.9,54.2,15.9,29.4,21.9,590,12.3,16.6,12.14,1.79,0.53,0.09,0.22,Yes
208004703,4703,11510,3,2,8,3.9,,14,9502,7/27/2011,8/18/2011,9/7/2011,42,23.16,6.18,9.8,33.6,54.4,15.9,29.3,22.1,390,10.3,7.55,13.83,1,0.6,0.07,0.12,Yes
208004801,4801,10008,3,1,8,3.5,,11,10905,7/28/2011,8/18/2011,9/7/2011,41,12.03,6.36,10.6,36.1,56.8,16.7,29.4,20.8,510,10.8,4.15,6.7,0.38,0.24,0.04,0.52,Yes
208004803,4803,10008,3,1,8,2.8,,10,10905,7/28/2011,8/18/2011,9/7/2011,41,15.59,5.44,8.8,29.8,54.7,16.1,29.4,21.3,648,10,8.48,5.83,1.06,0.12,0.02,0.08,Yes
208004804,4804,10008,3,1,8,2.5,,12,10905,7/28/2011,8/18/2011,9/7/2011,41,16.73,6.97,9.5,33.8,48.4,13.6,28.2,25.1,756,10.2,8.18,6.81,0.45,0.92,0.05,0.32,Yes
208004902,4902,15511,3,1,8,3,,14,16901,7/28/2011,8/25/2011,9/7/2011,41,16.68,6.31,9.4,31.7,50.3,15,29.7,22,533,9.5,9.19,6.62,0.63,0.15,0.02,0.05,Yes
208004903,4903,15511,3,1,8,2.7,,14,16901,7/28/2011,8/25/2011,9/7/2011,41,12.14,6.17,9.2,31.1,50.5,15,29.6,27.6,114,8,5.68,5.68,0.58,0.07,0.04,0.08,Yes
208004907,4907,15511,3,1,8,1.9,,12,16901,7/28/2011,8/25/2011,9/7/2011,41,13.18,6.93,10.3,35.3,50.9,14.9,29.2,27.5,351,8,6.46,5.93,0.28,0.24,0.03,0.25,Yes
208005006,5006,305,3,1,8,2.7,808,18,17108,7/28/2011,8/25/2011,9/7/2011,41,19.28,6.78,9,32.6,48.1,13.3,27.7,27.8,792,7.9,11.09,5.24,0.62,1.72,0.04,0.56,Yes
208005103,5103,4308,3,1,8,3.8,,18,16901,7/30/2011,8/25/2011,9/7/2011,39,9.74,5.86,9.2,31.4,53.6,15.8,29.4,23.7,361,9.2,4.41,4.89,0.31,0.08,0.01,0.04,Yes
208005105,5105,4308,3,1,8,3.1,,14,16901,7/30/2011,8/25/2011,9/7/2011,39,17.21,6.09,10.8,36.1,59.3,17.8,30,17.3,607,8.4,10.34,6.01,0.22,0.24,0.02,0.38,Yes
208005106,5106,4308,3,1,8,3.4,,14,16901,7/30/2011,8/25/2011,9/7/2011,39,13.79,6.1,10.2,33.9,55.6,16.7,30,17.9,430,9,6.62,6.3,0.48,0.11,0.03,0.25,Yes
208005203,5203,12210,3,2,8,3.6,,15,504,7/30/2011,8/25/2011,9/7/2011,39,16.68,5.4,8.8,30.1,55.9,16.4,29.3,20.5,542,9.4,5.44,10.12,0.63,0.17,0.03,0.27,Yes
208005204,5204,12210,3,2,8,3.7,,18,504,7/30/2011,8/25/2011,9/7/2011,39,15.27,6.26,9.5,32.4,51.8,15.1,29.2,22.4,478,9.8,5.86,8.23,0.79,0.31,0.02,0.06,Yes
208005206,5206,12210,3,2,8,3.2,,13,504,7/30/2011,8/25/2011,9/7/2011,39,11.69,5.52,7.9,26.8,48.6,14.3,29.5,22.2,300,11.8,4.49,6.22,0.23,0.35,0.04,0.35,Yes
208005302,5302,1008,3,2,8,2.9,10507,15,2301,8/1/2011,8/25/2011,9/7/2011,37,12.77,6.61,8.9,32.6,49.3,13.5,27.4,23.3,481,12.2,6.46,4.76,0.55,0.46,0.03,0.51,Yes
208005402,5402,808,3,2,8,3.3,,17,2301,8/1/2011,8/25/2011,9/7/2011,37,19.37,6,7.3,26.2,43.8,12.2,27.9,26.9,1124,11.8,5.29,13,0.66,0.14,0.04,0.25,Yes
208005403,5403,808,3,2,8,3.6,,15,2301,8/1/2011,8/25/2011,9/7/2011,37,16.29,5.38,7.2,26.4,49,13.5,27.5,24.7,722,11.5,6.76,8.5,0.72,0.18,0.03,0.1,Yes
208005405,5405,808,3,2,8,3.1,,17,2301,8/1/2011,8/25/2011,9/7/2011,37,25.26,6.07,6.8,25.2,41.5,11.3,27.2,28.7,1626,11.6,16.29,7.48,0.76,0.13,0.03,0.56,Yes
208005601,5601,10507,3,2,8,3.5,,16,12802,8/2/2011,8/25/2011,9/7/2011,36,13.27,6.61,8,28.8,43.6,12.2,27.9,25.7,787,14.5,4.96,6.82,0.46,0.7,0.03,0.27,Yes
208005602,5602,10507,3,2,8,3.1,,17,12802,8/2/2011,8/25/2011,9/7/2011,36,16.25,6.74,8.8,31.8,47.2,13,27.6,24.6,647,11.7,8.58,6.18,0.96,0.47,0.03,0.05,Yes
208005608,5608,10507,3,2,8,2.8,,15,12802,8/2/2011,8/25/2011,9/7/2011,36,15.4,6.33,9.1,32.6,51.5,14.4,27.9,22.8,679,10.6,7.22,7.08,0.4,0.29,0.05,0.39,Yes
209003001,3001,5309,3,1,9,3.1,,17,2402,11/6/2012,12/6/2012,12/14/2012,38,14.3,6.8,10.4,34.4,50.6,15.3,30.3,35,285,7.2,6.79,6.44,0.41,0.21,0.03,0.43,Yes
209003003,3003,5309,3,1,9,3.2,,19,2402,11/6/2012,12/6/2012,12/14/2012,38,15.91,6.56,9.2,30.1,46,14,30.4,25.9,511,8,8.18,6.89,0.21,0.13,0.03,0.49,No
209003005,3005,5309,3,1,9,2.8,,18,2402,11/6/2012,12/6/2012,12/14/2012,38,12.54,6.26,9.4,31.6,50.4,15,29.8,31.8,592,6.4,7.27,4.29,0.3,0.34,0.01,0.33,No
209003101,3101,810,3,1,9,3.2,,19,5106,11/7/2012,12/6/2012,12/14/2012,37,13.73,5.86,10.2,32.4,55.2,17.4,31.4,18.4,268,12.6,6.14,6.65,0.62,0.15,0.03,0.15,Yes
209003102,3102,810,3,1,9,3.3,,20,5106,11/7/2012,12/6/2012,12/14/2012,37,15.33,6.97,9.5,32.1,46,13.7,29.8,27.6,442,7.5,6.45,7.99,0.31,0.18,0.03,0.37,Yes
209003103,3103,810,3,1,9,3,,17,5106,11/7/2012,12/6/2012,12/14/2012,37,15,6.83,9.2,31.1,45.6,13.5,29.6,29.3,610,7.6,8.6,5.58,0.26,0.12,0.02,0.44,Yes
209003104,3104,810,3,1,9,3,,20,5106,11/7/2012,12/6/2012,12/14/2012,37,9.46,6.87,7.4,27.6,40.2,10.8,26.9,31.5,632,6.9,4.39,4.61,0.12,0.09,0.01,0.26,Yes
209003108,3108,810,3,1,9,2.9,,15,5106,11/7/2012,12/6/2012,12/14/2012,37,10.27,6.84,6.2,24.3,35.5,9,25.5,29.6,538,7.1,4.25,5.55,0.17,0.04,0.01,0.26,Yes
209003202,3202,9106,3,2,9,2.3,5411,18,5501,11/8/2012,12/6/2012,12/14/2012,36,13.83,6.97,10.6,36.4,52.3,15.2,29.1,25.6,227,7.1,5.95,6.93,0.39,0.24,0.01,0.32,Yes
209003401,3401,2908,3,2,9,3.6,,23,1602,11/8/2012,12/6/2012,12/14/2012,36,15.58,8.07,9.5,34.4,42.6,11.8,27.7,28.5,773,6.5,6.6,8.04,0.53,0.33,0.03,0.06,Yes
209003402,3402,2908,3,2,9,3.5,,19,1602,11/8/2012,12/6/2012,12/14/2012,36,14.97,7.62,8.5,29.3,38.5,11.2,29,31.3,775,6.7,9.45,4.82,0.18,0.08,0.02,0.43,Yes
209003403,3403,2908,3,2,9,3.6,,23,1602,11/8/2012,12/6/2012,12/14/2012,36,11.64,7.42,9.6,33.7,45.4,12.9,28.4,28.6,896,9.1,2.71,7.97,0.35,0.14,0.02,0.44,Yes
209003404,3404,2908,3,2,9,2.8,,18,1602,11/8/2012,12/6/2012,12/14/2012,36,13.54,7.59,8.5,30.1,39.6,11.2,28.3,29.3,640,7,7.53,5.24,0.31,0.12,0.01,0.32,Yes
209003405,3405,2908,3,2,9,2.7,,17,1602,11/8/2012,12/6/2012,12/14/2012,36,16.37,7.52,9.3,33.3,44.3,12.4,28,29,572,7.1,6.04,9.17,0.28,0.11,0.03,0.74,Yes
209003407,3407,2908,3,2,9,2.7,,16,1602,11/8/2012,12/6/2012,12/14/2012,36,9.92,7.45,8.5,30.3,40.6,11.4,28,31.8,319,7.4,5.44,3.48,0.26,0.42,0.01,0.31,Yes
209003501,3501,4512,3,1,9,3.1,,18,5106,11/9/2012,12/6/2012,12/14/2012,35,9.77,6.47,9.8,33,51,15.2,29.8,29.4,541,8.6,4.78,4.37,0.29,0.12,0.01,0.21,No
209003503,3503,4512,3,1,9,2.3,,16,5106,11/9/2012,12/6/2012,12/14/2012,35,16.5,6.32,10,33.6,53.2,15.8,29.7,24.5,379,8,11.42,4.22,0.18,0.15,0.02,0.5,No
209003504,3504,4512,3,1,9,2.2,,17,5106,11/9/2012,12/6/2012,12/14/2012,35,6.03,6.58,10,34.1,51.8,15.2,29.4,26.1,839,8.1,2.88,2.65,0.21,0.1,0.01,0.17,No
209003601,3601,1506,3,1,9,3.6,,19,605,11/10/2012,12/6/2012,12/27/2012,47,20.41,6.58,10.2,32.7,49.7,15.5,31.2,24.9,545,10.2,6.8,11.94,0.73,0.49,0.08,0.35,Yes
209003602,3602,1506,3,1,9,3.5,,18,605,11/10/2012,12/6/2012,12/27/2012,47,15.58,6.96,12,37.5,54,17.2,31.9,20.9,524,13.4,5.95,8.54,0.53,0.2,0.06,0.28,No
209003603,3603,1506,3,1,9,3.3,,16,605,11/10/2012,12/6/2012,12/27/2012,47,17.95,6.41,10.5,34.3,53.6,16.4,30.7,20.5,546,9.9,7.34,9.39,0.56,0.38,0.05,0.27,Yes
209003701,3701,1609,3,2,9,2.8,,17,8901,11/10/2012,12/6/2012,12/27/2012,47,13.73,6.46,10,32.8,50.8,15.5,30.5,26.5,316,7.2,3.76,8.83,0.58,0.36,0.03,0.19,Yes
209003802,3802,2012,3,1,9,3,,17,10501,11/11/2012,12/6/2012,12/27/2012,46,17.15,6.54,10.2,31.8,48.7,15.6,32,22.9,344,11,4.68,11.3,0.79,0.27,0.09,0.05,Yes
209003803,3803,2012,3,1,9,3.3,,17,10501,11/11/2012,12/6/2012,12/27/2012,46,20.08,6.27,10.2,33.7,53.7,16.2,30.1,19.8,267,11.8,7.11,11.43,0.7,0.5,0.08,0.26,Yes
209003804,3804,2012,3,1,9,3.2,,17,10501,11/11/2012,12/6/2012,12/27/2012,46,19.27,6.56,11,34.2,52.1,16.8,32.2,19.9,532,9.7,7.23,9.52,1.04,1.1,0.06,0.31,Yes
209003901,3901,3604,3,1,9,3.8,,19,10903,11/12/2012,12/6/2012,12/27/2012,45,18.11,6.41,10.8,34.8,54.3,16.8,31,19.8,745,8.7,7.62,9.16,0.65,0.4,0.07,0.22,Yes
209003902,3902,3604,3,1,9,3.5,,17,10903,11/12/2012,12/6/2012,12/27/2012,45,15.84,6.22,10,32,51.4,16,31.1,23.8,682,8.6,6.81,7.89,0.7,0.36,0.02,0.05,No
209003903,3903,3604,3,1,9,3.3,,14,10903,11/12/2012,12/6/2012,12/27/2012,45,14.69,5.75,9.6,30,52.2,16.7,32,22.3,337,11.3,8.65,4.77,0.51,0.54,0.04,0.18,Yes
209003904,3904,3604,3,1,9,3.4,,16,10903,11/12/2012,12/6/2012,12/27/2012,45,21.49,6.73,10.5,33.5,49.8,15.5,31.2,23.6,910,8.5,10.96,8.34,1.16,0.6,0.09,0.34,Yes
209003906,3906,3604,3,1,9,3.1,,17,10903,11/12/2012,12/6/2012,12/27/2012,45,19.51,6.44,9.6,32.1,49.8,14.9,29.9,22.1,510,8.5,6.67,10.55,1.62,0.49,0.08,0.08,No
209004001,4001,8108,3,2,9,3.1,,12,7603,11/13/2012,12/6/2012,12/27/2012,44,21.21,6.46,10.1,34,52.7,15.6,29.7,26.1,836,8.9,4.62,14.97,0.98,0.25,0.19,0.19,Yes
209004002,4002,8108,3,2,9,2.7,,11,7603,11/13/2012,12/6/2012,12/27/2012,44,15.4,5.95,9.6,31.6,53.2,16.1,30.3,22.7,413,9.9,4.93,9.3,0.6,0.26,0.12,0.2,Yes
209004003,4003,8108,3,2,9,2.3,,11,7603,11/13/2012,12/6/2012,12/27/2012,44,17.09,5.86,10,33.2,56.6,17.1,30.1,21,401,9.7,3.54,11.76,0.89,0.41,0.09,0.39,Yes
209004101,4101,4409,3,1,9,3.4,,16,5907,11/14/2012,12/6/2012,12/27/2012,43,17.56,6.51,10.5,33.7,51.8,16.1,31.2,21.5,669,10.1,9.38,7.32,0.3,0.35,0.02,0.18,Yes
209004102,4102,4409,3,1,9,3.3,,17,5907,11/14/2012,12/6/2012,12/27/2012,43,19.91,5.99,10.5,31.8,53.1,17.6,33.1,22.3,387,11.3,8.88,9.52,0.9,0.38,0.04,0.2,Yes
209004103,4103,4409,3,1,9,3.5,,18,5907,11/14/2012,12/6/2012,12/27/2012,43,17.51,6.6,11.5,34.2,51.9,17.4,33.6,20.2,58,8,5.32,10.3,0.88,0.75,0.07,0.21,Yes
209004105,4105,4409,3,1,9,3,,16,5907,11/14/2012,12/6/2012,12/27/2012,43,14.37,6.16,10.3,32.1,52.1,16.7,32,25.5,100,9.3,6.84,6.18,0.52,0.7,0.01,0.13,Yes
209004107,4107,4409,3,1,9,3,,17,5907,11/14/2012,12/6/2012,12/27/2012,43,20.74,6.66,10.9,35,52.6,16.3,31,21.5,745,10,11.43,8.34,0.48,0.31,0.06,0.1,No
209004201,4201,9011,3,1,9,3.5,,14,605,11/14/2012,12/6/2012,12/27/2012,43,8.59,6.24,10.8,34.7,55.6,17.3,31.2,21.8,504,10.2,3.01,5.15,0.19,0.12,0.02,0.1,No
209004202,4202,9011,3,1,9,3.3,,12,605,11/14/2012,12/6/2012,12/27/2012,43,6.75,5.83,10.7,34.9,59.9,18.3,30.5,20.2,440,10.4,3.25,3.25,0.07,0.13,0.01,0.05,No
209004206,4206,9011,3,1,9,2.9,,12,605,11/14/2012,12/6/2012,12/27/2012,43,10.34,5.93,9.9,32.8,55.4,16.7,30.2,20.4,362,8.5,3.18,6.15,0.52,0.42,0.04,0.04,Yes
209004301,4301,407,3,2,9,2.6,,16,8901,11/14/2012,12/13/2012,12/27/2012,43,14.43,6.14,10.3,33,53.8,16.7,31,24.5,525,10.4,5.22,7.97,0.49,0.43,0.06,0.25,Yes
209004401,4401,2007,3,1,9,3.4,,16,605,11/15/2012,12/13/2012,12/27/2012,42,14.9,6.19,10.8,34.1,55.1,17.5,31.8,20.2,605,10.5,5.68,8.36,0.48,0.21,0.03,0.15,Yes
209004402,4402,2007,3,1,9,3.3,,17,605,11/15/2012,12/13/2012,12/27/2012,42,15.23,6.5,10.8,35.1,54,16.6,30.7,20.1,608,10.2,3.93,10.33,0.29,0.4,0.05,0.26,Yes
209004405,4405,2007,3,1,9,3.3,,17,605,11/15/2012,12/13/2012,12/27/2012,42,16.67,6.19,10.2,33.5,54.1,16.4,30.4,23.7,733,9.7,7.08,8.49,0.57,0.4,0.03,0.12,Yes
209004501,4501,4307,3,2,9,3.4,,15,5203,11/18/2012,12/13/2012,12/27/2012,39,18.78,6.39,9.1,30.9,48.4,14.2,29.4,25.9,429,11.1,6.01,11.51,0.73,0.3,0.06,0.17,No
209004502,4502,4307,3,2,9,2.9,,15,5203,11/18/2012,12/13/2012,12/27/2012,39,15.79,6.78,7.9,28.4,41.9,11.6,27.6,27.6,887,7.7,4.37,10.5,0.6,0.24,0.05,0.03,Yes
209004503,4503,4307,3,2,9,2,,14,5203,11/18/2012,12/13/2012,12/27/2012,39,12.55,6.18,7.9,28.2,45.6,12.7,27.9,28,389,8.6,4.58,6.81,0.56,0.48,0.03,0.1,Yes
209004601,4601,4608,3,2,9,3.3,,16,10101,11/19/2012,12/13/2012,12/27/2012,38,13.43,6.93,9,31.3,45.2,13,28.8,26.8,825,7.9,4.69,7.59,0.54,0.46,0.03,0.15,Yes
209004602,4602,4608,3,2,9,2.9,,16,10101,11/19/2012,12/13/2012,12/27/2012,38,20,6.3,8.5,29.8,47.3,13.5,28.5,27.6,666,8.3,10.4,8.52,0.62,0.26,0.04,0.18,Yes
209004603,4603,4608,3,2,9,3.1,,16,10101,11/19/2012,12/13/2012,12/27/2012,38,12.52,7.07,9.1,32.8,46.4,12.9,27.8,24.7,594,8.2,7.24,4.7,0.28,0.18,0.01,0.13,No
209004604,4604,4608,3,2,9,2.1,,12,10101,11/19/2012,12/13/2012,12/27/2012,38,20.01,6.14,7.7,28.4,46.2,12.6,27.2,27.1,835,8.4,10.33,8.42,0.68,0.46,0.02,0.1,Yes
209004701,4701,8008,3,2,9,3.3,,17,1602,11/20/2012,12/13/2012,12/27/2012,37,13.65,5.79,9.8,32.3,55.8,16.8,30.2,15.9,475,9.3,5.34,7.1,0.55,0.51,0.04,0.12,No
209004702,4702,8008,3,2,9,2.8,,16,1602,11/20/2012,12/13/2012,12/27/2012,37,16.07,6.85,9.5,32.9,48.1,13.8,28.8,19.5,633,9.4,5.51,9.38,0.5,0.55,0.02,0.1,No
209004703,4703,8008,3,2,9,2.3,,14,1602,11/20/2012,12/13/2012,12/27/2012,37,13.93,7.49,10.8,35.8,47.8,14.4,30.2,18.1,331,10.9,6.44,6.45,0.59,0.29,0.01,0.15,Yes
209004704,4704,8008,3,2,9,2.1,,13,1602,11/20/2012,12/13/2012,12/27/2012,37,10.74,6.33,9,30.8,48.6,14.2,29.2,20.7,588,9.3,4.23,5.61,0.42,0.38,0.02,0.1,No
209004705,4705,8008,3,2,9,2,,13,1602,11/20/2012,12/13/2012,12/27/2012,37,14.11,6.59,10.4,35.3,53.5,15.8,29.5,19.9,431,10,4.61,8.31,0.65,0.41,0.03,0.11,Yes
209004801,4801,5307,3,1,9,2.5,,13,10903,11/20/2012,12/13/2012,12/27/2012,37,16.86,6.37,9.5,33.7,52.8,14.9,28.2,22.7,708,8.3,8.7,7.33,0.47,0.3,0.03,0.03,No
209004802,4802,5307,3,1,9,2.1,,13,10903,11/20/2012,12/13/2012,12/27/2012,37,14.95,6.2,9.9,32.3,52.1,16,30.8,24.7,801,8.8,6.7,7.07,0.45,0.55,0.03,0.16,Yes
209004803,4803,5307,3,1,9,1.7,,11,10903,11/20/2012,12/13/2012,12/27/2012,37,11,5.87,9.5,31.5,53.6,16.2,30.3,24.2,821,8.4,5.71,4.47,0.5,0.26,0.01,0.07,No
209004901,4901,2305,3,1,9,4.2,,17,10501,11/20/2012,12/13/2012,12/27/2012,37,14.41,6.13,9.5,31.5,51.4,15.5,30.1,21.3,509,10.7,5.98,7.05,0.84,0.49,0.03,0.04,No
209004903,4903,2305,3,1,9,4,,15,10501,11/20/2012,12/13/2012,12/27/2012,37,15.88,6.57,11.4,37.7,57.4,17.4,30.3,19.3,982,10.7,6.27,8.48,0.49,0.51,0.03,0.08,Yes
209004905,4905,2305,3,1,9,4,,17,10501,11/20/2012,12/13/2012,12/27/2012,37,16.96,6.42,9.5,32.1,50,14.8,29.6,20.1,556,11.2,8.38,6.67,0.44,1.34,0.02,0.1,Yes
209005001,5001,6812,3,1,9,3.6,,14,10501,11/21/2012,12/13/2012,12/27/2012,36,16.62,6.52,9.7,33.6,51.6,14.8,28.8,27.6,617,10.5,7.61,7.11,0.58,1.15,0.02,0.13,Yes
209005002,5002,6812,3,1,9,2.9,,15,10501,11/21/2012,12/13/2012,12/27/2012,36,16.52,6.05,9.9,33.5,55.4,16.3,29.4,25,591,9.6,8.26,6.61,0.78,0.71,0.02,0.17,Yes
209005003,5003,6812,3,1,9,2.6,,13,10501,11/21/2012,12/13/2012,12/27/2012,36,14.02,6.62,10.1,35.1,53.1,15.3,28.8,23.9,962,9.9,7,5.92,0.59,0.46,0.03,0.03,Yes
209005101,5101,10605,3,2,9,3.7,,14,1602,11/24/2012,12/13/2012,1/2/2013,39,15.5,6.56,9.1,29.7,45.4,13.9,30.6,27.8,799,10.4,6,8.59,0.48,0.2,0.05,0.17,No
209005102,5102,10605,3,2,9,3.3,,11,1602,11/24/2012,12/13/2012,1/2/2013,39,13.98,6.37,9.7,33.6,52.8,15.3,28.9,23.6,446,9.1,2.66,10.23,0.66,0.17,0.04,0.22,No
209005201,5201,9708,3,2,9,4.3,,15,5501,11/25/2012,12/13/2012,1/2/2013,38,10.39,6.26,8.7,29.2,46.6,14,30,22.7,540,11.2,2.83,6.72,0.26,0.5,0.02,0.06,Yes
209005202,5202,9708,3,2,9,4.1,,16,5501,11/25/2012,12/13/2012,1/2/2013,38,7.82,5.48,6.8,23.6,43.1,12.5,29,24.9,769,10,2.15,5.14,0.24,0.13,0.03,0.12,Yes
209005203,5203,9708,3,2,9,3.9,,14,5501,11/25/2012,12/13/2012,1/2/2013,38,16.83,6.94,10.6,34.8,50,15.3,30.5,20.2,526,10.5,5.55,9.39,0.81,0.93,0.1,0.05,Yes
209005204,5204,9708,3,2,9,3.4,,14,5501,11/25/2012,12/13/2012,1/2/2013,38,16.21,5.4,9,26.8,49.6,16.6,33.5,24.6,612,10.8,4.99,9.95,0.91,0.24,0.06,0.06,Yes
209005302,5302,9009,3,1,9,3.6,,12,10903,11/25/2012,12/13/2012,1/2/2013,38,10.15,6.39,11,35.7,55.8,17.2,30.8,18.2,354,10.2,4.04,5.47,0.23,0.28,0.03,0.09,Yes
209005303,5303,9009,3,1,9,3.3,,12,10903,11/25/2012,12/13/2012,1/2/2013,38,14.37,5.87,10.4,34.9,59.4,17.8,29.9,21,536,10.1,6.71,6.88,0.19,0.42,0.03,0.14,Yes
209005305,5305,9009,3,1,9,3.5,,12,10903,11/25/2012,12/13/2012,1/2/2013,38,13.22,5.92,10.2,33.1,56,17.3,30.9,20.7,548,9.5,6.23,6.28,0.28,0.29,0.01,0.13,No
209005401,5401,5706,3,2,9,2.9,,18,5501,11/27/2012,12/27/2012,1/2/2013,36,23.38,7.41,10.6,37.6,50.8,14.3,28.2,26.7,594,9.5,17.96,4.56,0.23,0.44,0.02,0.19,Yes
209005402,5402,5706,3,2,9,2.6,,16,5501,11/27/2012,12/27/2012,1/2/2013,36,13.92,6.75,9.4,32.9,48.7,13.9,28.5,34.1,1202,11.2,2.55,10.58,0.56,0.18,0.03,0.03,Yes
209005403,5403,5706,3,2,9,2.4,,15,5501,11/27/2012,12/27/2012,1/2/2013,36,9.26,6.42,9.8,33.7,52.5,15.2,29,32.1,551,11.2,3.28,4.96,0.26,0.65,0.02,0.09,Yes
209005502,5502,6811,3,1,9,3,,15,5106,11/28/2012,12/27/2012,1/2/2013,35,13.65,6.78,9,31.2,46,13.3,29,28.7,608,10.7,8.63,4.35,0.31,0.29,0.01,0.07,No
209005503,5503,6811,3,1,9,2.4,,13,5106,11/28/2012,12/27/2012,1/2/2013,35,9.08,7.14,10.6,36.4,50.9,14.9,29.2,23.4,734,9.4,4.37,4.04,0.33,0.26,0.01,0.07,Yes
209005504,5504,6811,3,1,9,2.4,,13,5106,11/28/2012,12/27/2012,1/2/2013,35,11.57,7.11,10.4,35,49.3,14.6,29.6,31.5,341,7.9,4.37,6.1,0.49,0.58,0.02,0.01,Yes
209005601,5601,11108,3,2,9,3.4,,16,5501,11/29/2012,12/27/2012,1/9/2013,41,8.65,6.25,10.5,33.9,54.3,16.8,30.9,18.2,340,10.6,2.66,5.57,0.19,0.14,0.02,0.07,Yes
209005602,5602,11108,3,2,9,3.1,,13,5501,11/29/2012,12/27/2012,1/9/2013,41,11.51,6.35,8.4,35.9,56.6,13.3,23.4,17.2,166,12.3,3.71,7.12,0.37,0.22,0.03,0.06,Yes
209005701,5701,5009,3,1,9,2.9,,17,2301,11/29/2012,12/27/2012,1/9/2013,41,14.79,6.96,10.3,33.9,48.7,14.8,30.4,27.7,766,9.6,5.9,7.32,0.62,0.33,0.03,0.59,Yes
209005703,5703,5009,3,1,9,2.7,,20,2301,11/29/2012,12/27/2012,1/9/2013,41,13.93,7.54,10.6,37,49.2,14.1,28.7,25,547,10.5,4.61,8.34,0.52,0.22,0.03,0.22,Yes
209005704,5704,5009,3,1,9,2.4,,18,2301,11/29/2012,12/27/2012,1/9/2013,41,12.37,7.2,10,34.8,48.3,13.8,28.6,33.1,634,7.4,3.39,7.68,0.75,0.22,0.02,0.3,Yes
209005801,5801,2409,3,1,9,2.9,,18,2301,11/29/2012,12/27/2012,1/9/2013,41,17.12,8.63,12.7,46.3,53.7,14.8,27.5,29.1,443,7.8,7.24,8.85,0.45,0.24,0.07,0.27,Yes
209005802,5802,2409,3,1,9,2.7,,11,2301,11/29/2012,12/27/2012,1/9/2013,41,17.16,5.77,10.2,33.8,58.5,17.7,30.3,18.7,147,14.1,9.94,6.26,0.27,0.41,0.02,0.26,Yes
209005803,5803,2409,3,1,9,2.2,,13,2301,11/29/2012,12/27/2012,1/9/2013,41,13.93,6.82,9.9,35.1,51.5,14.5,28.2,30.7,458,10.6,4.75,8.34,0.26,0.28,0.04,0.26,Yes
209005804,5804,2409,3,1,9,2,,14,2301,11/29/2012,12/27/2012,1/9/2013,41,7.04,6.72,8.6,30.3,45.1,12.9,28.5,30.9,563,7.9,1.58,4.86,0.34,0.13,0.01,0.12,No
209005805,5805,2409,3,1,9,1.7,,12,2301,11/29/2012,12/27/2012,1/9/2013,41,11.85,6.58,10.6,36.6,55.7,16.1,28.9,25.3,329,11.9,5.4,5.52,0.26,0.44,0.02,0.2,No
209006002,6002,10808,3,1,9,2.9,,13,10903,11/30/2012,12/27/2012,1/9/2013,40,18.65,5.73,9.4,32.2,56.2,16.4,29.2,29.8,719,10.7,10.84,6.42,0.65,0.45,0.04,0.28,Yes
209006003,6003,10808,3,1,9,2.3,811,17,10903,11/30/2012,12/27/2012,1/9/2013,40,13.07,6.39,9.8,32.9,51.5,15.4,29.9,24.7,779,9.1,7.11,4.9,0.42,0.44,0.01,0.17,Yes
209006004,6004,10808,3,1,9,2.5,,14,10903,11/30/2012,12/27/2012,1/9/2013,40,15.08,6.25,10,33.3,53.2,16,30,29.2,861,9.4,6.74,7.03,0.74,0.33,0.03,0.21,No
209006101,6101,8109,3,2,9,4.5,,20,5203,12/2/2012,12/27/2012,1/9/2013,38,15.86,6.51,8.3,30.2,46.3,12.8,27.6,28.9,629,7.6,4,10.53,0.52,0.63,0.06,0.13,Yes
209006102,6102,8109,3,2,9,4.2,,15,5203,12/2/2012,12/27/2012,1/9/2013,38,12.96,6.15,10.4,36.5,59.4,16.9,28.4,19.1,622,9.9,4.47,7.56,0.4,0.34,0.05,0.14,No
209006103,6103,8109,3,2,9,4.2,,18,5203,12/2/2012,12/27/2012,1/9/2013,38,13.49,5.88,7.3,27.3,46.4,12.4,26.7,26.7,681,7.2,5.03,7.46,0.45,0.42,0.01,0.12,Yes
209006104,6104,8109,3,2,9,4.1,,18,5203,12/2/2012,12/27/2012,1/9/2013,38,14.48,6.29,7.5,27.1,43.2,12,27.8,27.4,970,6.9,5.36,7.65,0.8,0.38,0.04,0.28,Yes
209006201,6201,2809,3,2,9,3.1,,19,1602,12/2/2012,12/27/2012,1/9/2013,38,21.43,6.99,8.4,29.8,42.7,11.9,28,25.5,540,7.4,7.59,12.49,0.94,0.34,0.04,0.04,Yes
209006204,6204,2809,3,2,9,2.5,,13,1602,12/2/2012,12/27/2012,1/9/2013,38,20.14,6.16,10.1,32.8,53.3,16.3,30.7,18.8,431,13.1,9.67,8.72,1.15,0.48,0.06,0.04,Yes
209006205,6205,2809,3,2,9,2.3,,13,1602,12/2/2012,12/27/2012,1/9/2013,38,17.68,6.6,8.7,31,47,13.2,28.1,25,871,9.4,6.13,9.95,1.08,0.42,0.05,0.05,Yes
209006302,6302,809,3,1,9,2.4,,15,10903,12/3/2012,12/27/2012,1/9/2013,37,12.56,5.61,8,26.9,47.9,14.3,29.9,27.4,957,11.4,5.12,6.4,0.47,0.34,0.01,0.21,Yes
209006303,6303,809,3,1,9,2.2,,15,10903,12/3/2012,12/27/2012,1/9/2013,37,15.94,6.42,10.7,36.1,56.2,16.7,29.8,29.1,634,10.2,4.99,9.28,0.86,0.41,0.06,0.33,Yes
209006305,6305,809,3,1,9,2.2,,14,10903,12/3/2012,12/27/2012,1/9/2013,37,12.2,6.8,9.3,31,45.5,13.6,30,31.4,205,7.9,4.82,6.11,0.64,0.38,0.04,0.23,Yes
209006306,6306,809,3,1,9,2.5,,15,10903,12/3/2012,12/27/2012,1/9/2013,37,10.75,6.84,7.4,26.7,39,10.8,27.8,30.1,594,7.6,4.12,5.86,0.41,0.22,0.02,0.14,No
209006307,6307,809,3,1,9,2.3,,14,10903,12/3/2012,12/27/2012,1/9/2013,37,10.56,5.85,10.8,35.5,60.7,18.5,30.4,20.5,628,10.9,3.97,5.39,0.57,0.51,0.02,0.12,No
209006501,6501,9806,3,1,9,3.4,,19,10903,12/3/2012,12/27/2012,1/9/2013,37,16.53,6.9,9.9,33.9,49.2,14.4,29.2,28.3,777,9.3,6.26,9.11,0.63,0.45,0.03,0.05,Yes
209006502,6502,9806,3,1,9,2.9,,15,10903,12/3/2012,12/27/2012,1/9/2013,37,14.1,6.41,9.1,30.4,47.4,14.2,29.9,29.5,914,9.9,5.53,7.39,0.62,0.35,0.03,0.18,No
209006503,6503,9806,3,1,9,2.7,,17,10903,12/3/2012,12/27/2012,1/9/2013,37,21.03,7.17,9.8,34.2,47.6,13.6,28.6,29.9,487,7.8,8.41,10.73,0.97,0.67,0.04,0.23,Yes
